1.000000000000000000e+00,-4.028968983922870950e-01
1.000000000000000000e+00,6.062273973522569470e-01
1.000000000000000000e+00,7.898269098379985254e-01
1.000000000000000000e+00,1.022843295554842102e+00
1.000000000000000000e+00,2.406106529634898461e+00
1.000000000000000000e+00,1.814400868523635024e+00
1.000000000000000000e+00,2.982359530656817359e+00
1.000000000000000000e+00,1.929744410182234526e+00
1.000000000000000000e+00,3.477674452462390597e+00
1.000000000000000000e+00,2.725751506381800304e+00
1.000000000000000000e+00,2.107905752564601443e+00
1.000000000000000000e+00,2.092131730719869243e+00
1.000000000000000000e+00,2.642297870982440067e+00
1.000000000000000000e+00,3.492286779582719713e+00
1.000000000000000000e+00,2.275193371531980091e+00
1.000000000000000000e+00,3.153900352109015426e+00
1.000000000000000000e+00,2.894902851777270580e+00
1.000000000000000000e+00,2.174430664829801074e+00
1.000000000000000000e+00,1.616433123426619156e+00
1.000000000000000000e+00,3.838105722826326893e+00
1.000000000000000000e+00,2.439456552677549794e+00
1.000000000000000000e+00,2.851207945932636711e+00
1.000000000000000000e+00,1.466468437591563534e+00
1.000000000000000000e+00,1.795275826700245103e+00
1.000000000000000000e+00,2.355839427916011086e+00
-1.000000000000000000e+00,1.661854456139983061e+00
-1.000000000000000000e+00,9.415203944440659889e-01
-1.000000000000000000e+00,3.587524341266107863e-01
-1.000000000000000000e+00,-8.478861073996257769e-02
-1.000000000000000000e+00,-8.241886874062913648e-01
-1.000000000000000000e+00,-2.055506266966740547e+00
-1.000000000000000000e+00,-9.432590607336186483e-01
-1.000000000000000000e+00,-1.965227298182941507e+00
-1.000000000000000000e+00,-1.918803812045701385e+00
-1.000000000000000000e+00,-2.098798363244836374e+00
-1.000000000000000000e+00,-1.496376674730750533e+00
-1.000000000000000000e+00,-1.588528166988594004e+00
-1.000000000000000000e+00,-2.082786237353834391e+00
-1.000000000000000000e+00,-2.590853267223743650e+00
-1.000000000000000000e+00,-2.215022883219184724e+00
-1.000000000000000000e+00,-1.749198568904057449e+00
-1.000000000000000000e+00,-2.843952982049773759e+00
-1.000000000000000000e+00,-2.583673682555127193e+00
-1.000000000000000000e+00,-2.643831078187707018e+00
-1.000000000000000000e+00,-1.817538585967798603e+00
-1.000000000000000000e+00,-2.880670562644434884e+00
-1.000000000000000000e+00,-2.536613880168182344e+00
-1.000000000000000000e+00,-2.649416136926086462e+00
-1.000000000000000000e+00,-2.873151899081496374e+00
-1.000000000000000000e+00,-2.523052162381127950e+00
-1.000000000000000000e+00,-1.213209650896535541e+00
-1.000000000000000000e+00,-3.642224509985160896e+00
-1.000000000000000000e+00,-2.689309133403817498e+00
-1.000000000000000000e+00,-2.227067376934974696e+00
-1.000000000000000000e+00,-2.061189413042216145e+00
1.000000000000000000e+00,-2.912310205751007519e+00
1.000000000000000000e+00,-8.038562004224365509e-01
1.000000000000000000e+00,-7.737271611096705470e-01
1.000000000000000000e+00,1.897347470422970028e+00
1.000000000000000000e+00,9.484500955580194015e-01
1.000000000000000000e+00,1.565808558671282213e+00
1.000000000000000000e+00,1.218912883247296186e+00
1.000000000000000000e+00,8.142060362623606551e-01
1.000000000000000000e+00,1.573671378068346005e+00
1.000000000000000000e+00,1.716229874384521237e+00
1.000000000000000000e+00,1.707370431309065184e+00
1.000000000000000000e+00,2.181039162713395818e+00
1.000000000000000000e+00,1.503823541716743595e+00
1.000000000000000000e+00,1.601171878798834936e+00
1.000000000000000000e+00,3.251752999370922215e+00
-1.000000000000000000e+00,1.988654582497664691e+00
-1.000000000000000000e+00,2.635798010262169200e-01
-1.000000000000000000e+00,6.571387270885680199e-01
-1.000000000000000000e+00,-4.017472651028031194e-03
-1.000000000000000000e+00,-2.040787791479911295e+00
-1.000000000000000000e+00,-2.014862191518360213e+00
-1.000000000000000000e+00,-7.638859868857013069e-01
-1.000000000000000000e+00,-1.575696006047074382e+00
-1.000000000000000000e+00,-2.257662697451145117e+00
-1.000000000000000000e+00,-3.096723968930706228e+00
-1.000000000000000000e+00,-3.554096450437266519e+00
-1.000000000000000000e+00,-2.297688501637166425e+00
-1.000000000000000000e+00,-2.767421828965529240e+00
-1.000000000000000000e+00,-3.591689770213145838e+00
-1.000000000000000000e+00,-4.036189934348890063e+00
-1.000000000000000000e+00,-3.257942923629777887e+00
-1.000000000000000000e+00,-4.059751230558664048e+00
-1.000000000000000000e+00,-2.761779363709222945e+00
-1.000000000000000000e+00,-1.592093466106390576e+00
-1.000000000000000000e+00,-7.584030832213106699e-01
-1.000000000000000000e+00,-1.930048886322570434e+00
-1.000000000000000000e+00,-2.468913690307436681e+00
-1.000000000000000000e+00,-1.931953370412120785e+00
-1.000000000000000000e+00,-4.941980352256876152e-01
-1.000000000000000000e+00,-1.498050676963117667e+00
-1.000000000000000000e+00,-1.726305637998340581e+00
-1.000000000000000000e+00,-2.597752472732719919e+00
-1.000000000000000000e+00,-2.732901640286503842e+00
-1.000000000000000000e+00,-3.225905927708311527e+00
-1.000000000000000000e+00,-1.744716182289860029e+00
-1.000000000000000000e+00,-2.592787093660721354e+00
-1.000000000000000000e+00,-2.422614246331086463e+00
-1.000000000000000000e+00,-1.936256422108736608e+00
-1.000000000000000000e+00,-2.326252684935015580e+00
-1.000000000000000000e+00,-1.728669223176969805e+00
-1.000000000000000000e+00,-1.857956560778478039e+00
-1.000000000000000000e+00,-1.467121538876796194e+00
-1.000000000000000000e+00,-1.004642810395181884e+00
-1.000000000000000000e+00,-2.074415838618917984e+00
-1.000000000000000000e+00,-1.969130951070746427e+00
-1.000000000000000000e+00,-2.680646873668121710e+00
-1.000000000000000000e+00,-1.948672721102991723e+00
-1.000000000000000000e+00,-2.584060385923574454e+00
-1.000000000000000000e+00,-3.697679925029470294e+00
-1.000000000000000000e+00,-2.466728957333815586e+00
-1.000000000000000000e+00,-1.773682929798924501e+00
-1.000000000000000000e+00,-3.025180908332023577e+00
-1.000000000000000000e+00,-1.475388969121871785e+00
-1.000000000000000000e+00,-2.772110192309970689e+00
-1.000000000000000000e+00,-1.341344762005806324e+00
-1.000000000000000000e+00,-1.646069967304180537e+00
-1.000000000000000000e+00,-7.205590633811478352e-01
-1.000000000000000000e+00,-2.351980343663801598e+00
-1.000000000000000000e+00,-2.494466753976454676e+00
-1.000000000000000000e+00,-2.238242549896488853e+00
-1.000000000000000000e+00,-2.955776929455383506e+00
-1.000000000000000000e+00,-2.512285276185059146e+00
-1.000000000000000000e+00,-2.864384391000844854e+00
-1.000000000000000000e+00,-2.322380805689044259e+00
-1.000000000000000000e+00,-1.765368441414872036e+00
1.000000000000000000e+00,-1.870394244485585888e+00
1.000000000000000000e+00,-7.202829844160860695e-01
1.000000000000000000e+00,3.907926083037177034e-01
1.000000000000000000e+00,-5.506900249828383664e-01
1.000000000000000000e+00,6.721575130722575731e-01
1.000000000000000000e+00,2.025524548658327983e+00
1.000000000000000000e+00,1.298221241982800533e+00
1.000000000000000000e+00,1.712038273691223411e+00
1.000000000000000000e+00,1.462139313914344818e+00
1.000000000000000000e+00,2.773077731752896291e+00
1.000000000000000000e+00,3.213422693707858269e+00
1.000000000000000000e+00,2.080217429940314666e+00
1.000000000000000000e+00,1.636812090248044305e+00
1.000000000000000000e+00,3.332140244396454065e+00
1.000000000000000000e+00,2.437922730285244199e+00
1.000000000000000000e+00,1.977036722936088564e+00
1.000000000000000000e+00,3.254668803483830253e+00
1.000000000000000000e+00,1.362138568877639511e+00
1.000000000000000000e+00,2.206188594025399130e+00
1.000000000000000000e+00,2.724535546411195330e+00
1.000000000000000000e+00,2.240697376849017708e+00
1.000000000000000000e+00,2.171776735178029050e+00
1.000000000000000000e+00,1.703251111133750939e+00
1.000000000000000000e+00,9.470904361731928844e-01
1.000000000000000000e+00,2.084176090123258440e+00
1.000000000000000000e+00,2.536776175770708353e+00
1.000000000000000000e+00,2.755809048027297870e+00
-1.000000000000000000e+00,2.852065870163819739e+00
-1.000000000000000000e+00,5.778102270198517409e-01
-1.000000000000000000e+00,-2.234139219446898417e-01
-1.000000000000000000e+00,-1.016892864594979740e+00
-1.000000000000000000e+00,-6.893007100350132532e-01
-1.000000000000000000e+00,-1.104424818248327611e+00
-1.000000000000000000e+00,-2.058849420162217836e+00
-1.000000000000000000e+00,-9.848400979832382385e-01
-1.000000000000000000e+00,-1.537874801125502344e+00
-1.000000000000000000e+00,-6.367415996529675049e-01
-1.000000000000000000e+00,-1.184753383154099726e+00
-1.000000000000000000e+00,-2.417841724501975431e+00
-1.000000000000000000e+00,-1.736241524457552199e+00
-1.000000000000000000e+00,-1.791848735464169673e+00
-1.000000000000000000e+00,-1.614022126826412329e+00
-1.000000000000000000e+00,-2.768050991849943188e+00
-1.000000000000000000e+00,-2.311475042514187006e+00
-1.000000000000000000e+00,-2.429223219240753906e+00
-1.000000000000000000e+00,-2.751106190747248714e+00
-1.000000000000000000e+00,-1.222783729416479392e+00
-1.000000000000000000e+00,-2.761811430593313688e+00
-1.000000000000000000e+00,-2.707026532906883443e+00
-1.000000000000000000e+00,-2.408781816458046343e+00
-1.000000000000000000e+00,-2.020843289680213317e+00
-1.000000000000000000e+00,-2.117728823007756223e+00
-1.000000000000000000e+00,-1.353653597384952390e+00
-1.000000000000000000e+00,-9.765087049414109543e-01
-1.000000000000000000e+00,-1.847450926576853725e+00
-1.000000000000000000e+00,-2.020121308932352644e+00
-1.000000000000000000e+00,-2.474108213205068463e+00
-1.000000000000000000e+00,-3.181902952775138793e+00
-1.000000000000000000e+00,-2.138081823289055716e+00
-1.000000000000000000e+00,-1.798126998634780094e+00
-1.000000000000000000e+00,-1.106748557756591422e+00
-1.000000000000000000e+00,-2.412318300163591722e+00
-1.000000000000000000e+00,-2.537854228440381110e+00
-1.000000000000000000e+00,-2.272779970046376885e+00
-1.000000000000000000e+00,-1.771685896069866262e+00
-1.000000000000000000e+00,-1.298325600798853507e+00
-1.000000000000000000e+00,-2.974984158688408264e+00
-1.000000000000000000e+00,-3.116211456511164712e+00
-1.000000000000000000e+00,-2.542677609341317702e+00
-1.000000000000000000e+00,-2.605311309086181026e+00
-1.000000000000000000e+00,-2.791457538857354148e+00
-1.000000000000000000e+00,-3.562524048413489908e+00
-1.000000000000000000e+00,-3.065374447533077973e+00
-1.000000000000000000e+00,-2.193457430829393484e+00
-1.000000000000000000e+00,-1.375102404112875654e+00
-1.000000000000000000e+00,-2.205336846426312558e+00
-1.000000000000000000e+00,-1.939004566496125737e+00
-1.000000000000000000e+00,-2.509319848476547321e+00
-1.000000000000000000e+00,-2.168368879169838337e+00
-1.000000000000000000e+00,-2.830099301916132681e+00
-1.000000000000000000e+00,-1.843095312039138234e+00
-1.000000000000000000e+00,-2.210172659338200063e+00
-1.000000000000000000e+00,-2.303014326758681118e+00
-1.000000000000000000e+00,-1.419949772731128323e+00
-1.000000000000000000e+00,-3.326516235742142946e+00
-1.000000000000000000e+00,-2.841890813745951760e+00
-1.000000000000000000e+00,-2.329825161511663634e+00
-1.000000000000000000e+00,-2.051491480972790882e+00
-1.000000000000000000e+00,-2.806871569432212610e+00
-1.000000000000000000e+00,-3.278126209262393953e+00
1.000000000000000000e+00,-2.623250196007882895e+00
1.000000000000000000e+00,-1.160399555865686105e+00
1.000000000000000000e+00,6.951083823789340199e-01
1.000000000000000000e+00,-2.350500554516388174e-02
1.000000000000000000e+00,1.391816712285359969e+00
1.000000000000000000e+00,9.745958367618842155e-01
-1.000000000000000000e+00,2.405362184401197645e+00
-1.000000000000000000e+00,1.874290127759634217e+00
-1.000000000000000000e+00,3.284203419247920253e-01
-1.000000000000000000e+00,-1.284298636200873256e+00
-1.000000000000000000e+00,-9.607730168536983140e-01
-1.000000000000000000e+00,-1.968845879073354510e+00
-1.000000000000000000e+00,-2.290974090983434852e+00
-1.000000000000000000e+00,-1.294429588744093751e+00
-1.000000000000000000e+00,-4.669008796449960474e-01
-1.000000000000000000e+00,-1.716331487594531247e+00
-1.000000000000000000e+00,-1.596686340481945354e+00
-1.000000000000000000e+00,-2.538623324887198329e+00
1.000000000000000000e+00,-2.858453578631490632e+00
1.000000000000000000e+00,-1.252340484135655796e+00
1.000000000000000000e+00,1.138355174875569226e-01
1.000000000000000000e+00,4.544375494161660423e-01
1.000000000000000000e+00,1.601083989670492924e+00
1.000000000000000000e+00,1.342982480966909531e+00
1.000000000000000000e+00,1.495133841809427100e+00
1.000000000000000000e+00,2.073481948752213810e+00
1.000000000000000000e+00,2.403719467729548143e+00
1.000000000000000000e+00,2.251464900380788503e+00
1.000000000000000000e+00,2.298862159655242099e+00
1.000000000000000000e+00,2.327588921755282758e+00
1.000000000000000000e+00,2.859566294809298359e+00
1.000000000000000000e+00,1.803826635011458013e+00
1.000000000000000000e+00,2.849084399633352582e+00
1.000000000000000000e+00,2.106540893971855066e+00
1.000000000000000000e+00,2.472753087452762788e+00
1.000000000000000000e+00,1.933442985197348474e+00
1.000000000000000000e+00,1.414381827021665927e+00
1.000000000000000000e+00,2.651877429459645885e+00
1.000000000000000000e+00,2.860872063232818618e+00
1.000000000000000000e+00,2.587039780834555991e+00
1.000000000000000000e+00,1.626790121045401882e+00
1.000000000000000000e+00,2.466683321020430419e+00
-1.000000000000000000e+00,1.701670641679078999e+00
-1.000000000000000000e+00,-5.227936157295109965e-02
-1.000000000000000000e+00,4.694234483586870454e-01
-1.000000000000000000e+00,-1.360301182624435334e+00
-1.000000000000000000e+00,-1.334942333641137902e+00
-1.000000000000000000e+00,-1.158910450955615179e+00
-1.000000000000000000e+00,-2.008568335480699574e+00
-1.000000000000000000e+00,-2.077546356985689791e+00
-1.000000000000000000e+00,-1.561799804476316389e+00
-1.000000000000000000e+00,-1.475124297491545056e+00
-1.000000000000000000e+00,-2.755017264608251804e+00
-1.000000000000000000e+00,-2.937633220425885927e+00
-1.000000000000000000e+00,-2.929657192830601886e+00
-1.000000000000000000e+00,-2.111646407955423577e+00
-1.000000000000000000e+00,-2.207906715158399980e+00
-1.000000000000000000e+00,-2.236726071288224649e+00
-1.000000000000000000e+00,-3.223867827461782465e+00
-1.000000000000000000e+00,-2.286392040120679869e+00
-1.000000000000000000e+00,-2.675156129179199205e+00
-1.000000000000000000e+00,-3.568947644038558131e+00
-1.000000000000000000e+00,-4.342203552795684374e+00
-1.000000000000000000e+00,-1.910991955914322471e+00
-1.000000000000000000e+00,-2.852716144329245473e+00
-1.000000000000000000e+00,-2.787790888484258378e+00
-1.000000000000000000e+00,-2.333125156111251819e+00
-1.000000000000000000e+00,-2.547605592285007159e+00
-1.000000000000000000e+00,-2.565192008971159510e+00
-1.000000000000000000e+00,-2.575227906385982646e+00
-1.000000000000000000e+00,-2.868014059232691260e+00
-1.000000000000000000e+00,-3.032587788110668647e+00
-1.000000000000000000e+00,-2.158588171614568285e+00
-1.000000000000000000e+00,-3.136929641905928268e+00
-1.000000000000000000e+00,-1.100126437618340169e+00
-1.000000000000000000e+00,-1.983840881795881028e+00
-1.000000000000000000e+00,-1.649453258902282338e+00
-1.000000000000000000e+00,-1.950983626558249417e+00
-1.000000000000000000e+00,-2.215489672344513217e+00
-1.000000000000000000e+00,-2.641809985391566862e+00
-1.000000000000000000e+00,-1.575831267498671640e+00
-1.000000000000000000e+00,-2.504841545536323100e+00
-1.000000000000000000e+00,-2.019151022757117442e+00
-1.000000000000000000e+00,-3.138712420974495654e+00
-1.000000000000000000e+00,-3.067297490069259780e+00
-1.000000000000000000e+00,-2.977611848700171038e+00
-1.000000000000000000e+00,-2.762100422561837298e+00
-1.000000000000000000e+00,-2.537397270220943746e+00
-1.000000000000000000e+00,-2.040713895221817786e+00
-1.000000000000000000e+00,-2.059359810542867208e+00
-1.000000000000000000e+00,-1.716944469348388846e+00
-1.000000000000000000e+00,-2.122918896860507054e+00
-1.000000000000000000e+00,-2.779798593567274434e+00
1.000000000000000000e+00,-1.310332800436492695e+00
1.000000000000000000e+00,-1.380976660482139629e+00
1.000000000000000000e+00,9.395358037174442178e-02
1.000000000000000000e+00,4.437660630474615231e-01
1.000000000000000000e+00,7.900840209509633061e-01
1.000000000000000000e+00,3.533883094120460200e-01
1.000000000000000000e+00,1.464606841863934195e+00
1.000000000000000000e+00,1.913026489309647360e+00
1.000000000000000000e+00,1.453825390309230192e+00
1.000000000000000000e+00,1.648350021536908017e+00
1.000000000000000000e+00,2.285796230346133218e+00
1.000000000000000000e+00,2.377101478240053911e+00
1.000000000000000000e+00,2.348281714809186127e+00
1.000000000000000000e+00,1.834518402238005219e+00
1.000000000000000000e+00,2.164204366742120911e+00
1.000000000000000000e+00,1.811474873290332521e+00
1.000000000000000000e+00,1.926754423599284616e+00
1.000000000000000000e+00,1.388332768787110094e+00
1.000000000000000000e+00,2.141416611374829859e+00
1.000000000000000000e+00,1.890310472369953976e+00
1.000000000000000000e+00,2.138456296180381688e+00
1.000000000000000000e+00,1.671471523555032590e+00
1.000000000000000000e+00,2.362626796998387846e+00
1.000000000000000000e+00,1.772025905380948174e+00
1.000000000000000000e+00,1.548749967536203975e+00
1.000000000000000000e+00,2.148183266236168176e+00
1.000000000000000000e+00,1.659214570184832205e+00
1.000000000000000000e+00,1.573000948891413842e+00
1.000000000000000000e+00,1.680471080880793000e+00
1.000000000000000000e+00,2.641870066278449336e+00
1.000000000000000000e+00,1.679494573230843057e+00
1.000000000000000000e+00,1.938798010914489778e+00
1.000000000000000000e+00,3.104995002807947824e+00
1.000000000000000000e+00,3.220335439224427443e+00
1.000000000000000000e+00,1.935204856538793150e+00
1.000000000000000000e+00,2.653351198485110363e+00
1.000000000000000000e+00,2.148300481782133176e+00
1.000000000000000000e+00,2.166867081083021507e+00
1.000000000000000000e+00,2.240574078840646521e+00
1.000000000000000000e+00,1.112487209062266613e+00
1.000000000000000000e+00,1.910962306775570330e+00
1.000000000000000000e+00,1.076869915488700480e+00
-1.000000000000000000e+00,1.890179771144493426e+00
-1.000000000000000000e+00,1.345899286979523879e+00
-1.000000000000000000e+00,1.807405486217277257e-01
-1.000000000000000000e+00,-3.031314622310266049e-02
-1.000000000000000000e+00,-1.499211914599994699e+00
-1.000000000000000000e+00,-2.040994941053965395e+00
-1.000000000000000000e+00,-1.086331033880962860e+00
-1.000000000000000000e+00,-2.121298783257635101e+00
-1.000000000000000000e+00,-1.928796961076608696e+00
-1.000000000000000000e+00,-2.575113818929903875e+00
-1.000000000000000000e+00,-2.708987629300035671e+00
-1.000000000000000000e+00,-3.118896170966884540e+00
-1.000000000000000000e+00,-2.116912937677357220e+00
-1.000000000000000000e+00,-2.889051442667745828e+00
-1.000000000000000000e+00,-3.022114001234046388e+00
1.000000000000000000e+00,-2.572135162654030971e+00
1.000000000000000000e+00,-1.704821567710635977e-01
1.000000000000000000e+00,-1.289121262557209713e+00
1.000000000000000000e+00,3.524383984704401729e-01
1.000000000000000000e+00,4.145975646422620509e-01
1.000000000000000000e+00,1.312684930112072879e+00
1.000000000000000000e+00,1.222176110818712136e+00
1.000000000000000000e+00,1.462092861686481449e+00
1.000000000000000000e+00,2.196633640784732222e+00
1.000000000000000000e+00,2.630868240921924617e+00
1.000000000000000000e+00,2.170289678609431228e+00
1.000000000000000000e+00,1.556285673608753140e+00
1.000000000000000000e+00,1.871886460376396499e+00
1.000000000000000000e+00,3.250536609088592321e+00
1.000000000000000000e+00,1.785251152500979099e+00
1.000000000000000000e+00,1.899372413874482080e+00
1.000000000000000000e+00,1.106888860282658538e+00
1.000000000000000000e+00,2.022449009985753943e+00
1.000000000000000000e+00,1.201712518746075542e+00
1.000000000000000000e+00,2.136377154909425702e+00
1.000000000000000000e+00,1.898777797177990445e+00
1.000000000000000000e+00,1.157001077332058259e+00
1.000000000000000000e+00,2.793251079715697305e+00
1.000000000000000000e+00,2.649908391240575867e+00
1.000000000000000000e+00,1.799001119546372873e+00
1.000000000000000000e+00,1.460517669864952905e+00
1.000000000000000000e+00,1.695010164395667651e+00
-1.000000000000000000e+00,1.758587128536948541e+00
-1.000000000000000000e+00,1.136181941787296257e+00
-1.000000000000000000e+00,3.354655853900193607e-01
-1.000000000000000000e+00,2.432214877766529781e-01
-1.000000000000000000e+00,-2.475785386119361942e+00
-1.000000000000000000e+00,-1.330465197262217458e+00
-1.000000000000000000e+00,-9.790371514618538829e-01
-1.000000000000000000e+00,-1.121141850400572793e+00
-1.000000000000000000e+00,-1.520410542886486249e+00
-1.000000000000000000e+00,-2.131578461902848165e+00
-1.000000000000000000e+00,-1.219085326887240583e+00
-1.000000000000000000e+00,-2.309705594328611333e+00
-1.000000000000000000e+00,-2.224691678101792469e+00
-1.000000000000000000e+00,-2.588149278566837186e+00
-1.000000000000000000e+00,-1.526357098371488696e+00
-1.000000000000000000e+00,-2.053732810764961503e+00
-1.000000000000000000e+00,-3.531014672200635474e+00
-1.000000000000000000e+00,-2.214974474235148705e+00
-1.000000000000000000e+00,-2.162840751526982519e+00
-1.000000000000000000e+00,-2.963603877685156540e+00
-1.000000000000000000e+00,-1.863964631939382777e+00
-1.000000000000000000e+00,-1.833195975848516568e+00
-1.000000000000000000e+00,-1.415241366427775205e+00
-1.000000000000000000e+00,-1.372557150988055641e+00
-1.000000000000000000e+00,-1.644190221498132765e+00
-1.000000000000000000e+00,-1.981394706822934282e+00
-1.000000000000000000e+00,-2.983683354762295181e+00
-1.000000000000000000e+00,-3.816912872264711876e+00
-1.000000000000000000e+00,-2.480174768403296870e+00
-1.000000000000000000e+00,-2.662900394729752040e+00
-1.000000000000000000e+00,-1.345980397711517007e+00
-1.000000000000000000e+00,-3.067005793588479357e+00
-1.000000000000000000e+00,-2.575889935238118600e+00
-1.000000000000000000e+00,-3.336411245962498384e-01
-1.000000000000000000e+00,-2.083942716491440361e+00
-1.000000000000000000e+00,-2.764119641214046297e+00
1.000000000000000000e+00,-2.756509383062629048e+00
1.000000000000000000e+00,-1.507368160330526674e+00
1.000000000000000000e+00,-2.569271718420731432e-01
1.000000000000000000e+00,1.053633645452787704e+00
1.000000000000000000e+00,2.317595335393099809e+00
1.000000000000000000e+00,2.099451574536741916e+00
1.000000000000000000e+00,2.000798194378240691e+00
1.000000000000000000e+00,1.598961855345672367e+00
1.000000000000000000e+00,2.617528325101792230e+00
-1.000000000000000000e+00,1.933068159782064699e+00
-1.000000000000000000e+00,9.757913129403137376e-01
-1.000000000000000000e+00,4.691284674389733511e-01
-1.000000000000000000e+00,-6.667415460580823350e-01
-1.000000000000000000e+00,-8.066090908683494209e-01
-1.000000000000000000e+00,-1.466918463917413096e+00
-1.000000000000000000e+00,-1.478800780667006931e+00
-1.000000000000000000e+00,-3.391496427121949431e+00
-1.000000000000000000e+00,-2.023832800622428874e+00
-1.000000000000000000e+00,-2.091532408846150215e+00
-1.000000000000000000e+00,-1.724799859262743595e+00
-1.000000000000000000e+00,-1.119301404468980854e+00
-1.000000000000000000e+00,-2.026127286719834775e+00
-1.000000000000000000e+00,-2.920155446879577177e+00
-1.000000000000000000e+00,-5.916629049746719993e-01
-1.000000000000000000e+00,-3.395030326262666875e+00
-1.000000000000000000e+00,-2.736957909927724586e+00
-1.000000000000000000e+00,-2.457130780663093539e+00
-1.000000000000000000e+00,-2.423282613570305166e+00
-1.000000000000000000e+00,-1.850865028968471160e+00
-1.000000000000000000e+00,-1.944829519869313073e+00
-1.000000000000000000e+00,-9.920612120911453946e-01
-1.000000000000000000e+00,-2.633779720030147597e+00
-1.000000000000000000e+00,-2.212573359831915720e+00
-1.000000000000000000e+00,-2.583873211174239959e+00
-1.000000000000000000e+00,-2.331147399368719508e+00
-1.000000000000000000e+00,-2.708148397051219014e+00
-1.000000000000000000e+00,-2.544867031184582018e+00
-1.000000000000000000e+00,-2.020567733256965148e+00
-1.000000000000000000e+00,-2.461425336227833771e+00
1.000000000000000000e+00,-1.944776243163519158e+00
1.000000000000000000e+00,-1.277946405302850419e+00
1.000000000000000000e+00,-1.071398061764708753e+00
1.000000000000000000e+00,-3.220324611109798285e-01
1.000000000000000000e+00,8.183692428704183452e-01
1.000000000000000000e+00,2.194018802135504487e+00
1.000000000000000000e+00,1.684119855125329357e+00
1.000000000000000000e+00,2.308941335493219782e+00
1.000000000000000000e+00,1.487270536010186328e+00
1.000000000000000000e+00,2.124044639862968431e+00
1.000000000000000000e+00,2.112369654553735820e+00
1.000000000000000000e+00,1.920691182804514785e+00
1.000000000000000000e+00,2.173396820378003191e+00
1.000000000000000000e+00,1.418877394851933316e+00
1.000000000000000000e+00,1.528242522475834253e+00
1.000000000000000000e+00,2.944019054587255990e+00
1.000000000000000000e+00,4.246831281575278894e+00
1.000000000000000000e+00,2.380739197588509271e+00
1.000000000000000000e+00,2.704972643022198753e+00
1.000000000000000000e+00,1.848244607554142327e+00
1.000000000000000000e+00,9.339158799894873297e-01
1.000000000000000000e+00,2.984087051472071650e+00
1.000000000000000000e+00,2.592134476992328018e+00
1.000000000000000000e+00,1.783873803356781140e+00
1.000000000000000000e+00,3.441937922124752802e+00
1.000000000000000000e+00,2.137306902373895312e+00
1.000000000000000000e+00,1.788673342530725741e+00
1.000000000000000000e+00,1.190072172336958500e+00
1.000000000000000000e+00,1.476298030344242118e+00
1.000000000000000000e+00,1.758533429830045236e+00
1.000000000000000000e+00,3.043932726009648704e+00
1.000000000000000000e+00,2.495503327603856292e+00
1.000000000000000000e+00,2.355055033377041251e+00
1.000000000000000000e+00,1.997717632132619991e+00
1.000000000000000000e+00,2.715194096171606120e+00
1.000000000000000000e+00,3.254082260185793274e+00
1.000000000000000000e+00,2.207641378774346741e+00
1.000000000000000000e+00,1.726981797900204008e+00
1.000000000000000000e+00,2.217515828059442917e+00
1.000000000000000000e+00,2.171743180073294255e+00
1.000000000000000000e+00,1.623188340743376479e+00
1.000000000000000000e+00,3.364345452942165693e+00
1.000000000000000000e+00,3.173690907723752286e+00
1.000000000000000000e+00,2.362463990795061530e+00
1.000000000000000000e+00,1.409727188041517199e+00
1.000000000000000000e+00,2.588384316010387654e+00
1.000000000000000000e+00,1.729109242179317274e+00
1.000000000000000000e+00,1.817488788398679000e+00
1.000000000000000000e+00,2.781914618102332426e+00
1.000000000000000000e+00,1.659905350232840027e+00
1.000000000000000000e+00,1.344132790876801486e+00
1.000000000000000000e+00,2.629387389060574343e+00
1.000000000000000000e+00,3.111757666344127315e+00
1.000000000000000000e+00,2.568256111079014747e+00
1.000000000000000000e+00,2.501832489256467618e+00
1.000000000000000000e+00,2.305296446658227527e+00
1.000000000000000000e+00,2.675025609162427820e+00
1.000000000000000000e+00,1.852419527709879166e+00
1.000000000000000000e+00,2.275117129229978108e+00
1.000000000000000000e+00,2.527490750549265197e+00
1.000000000000000000e+00,2.315669941098414508e+00
1.000000000000000000e+00,1.776326713259179346e+00
1.000000000000000000e+00,1.843876194109831168e+00
1.000000000000000000e+00,2.568918660641018370e+00
1.000000000000000000e+00,3.028018524787920107e+00
1.000000000000000000e+00,1.683324134759393464e+00
1.000000000000000000e+00,2.935273955077193797e+00
1.000000000000000000e+00,1.871113092507634246e+00
1.000000000000000000e+00,2.571581828097971645e+00
1.000000000000000000e+00,2.676050654164864540e+00
1.000000000000000000e+00,1.042350615258618829e+00
1.000000000000000000e+00,2.650188423712443786e+00
1.000000000000000000e+00,1.641273064750107480e+00
1.000000000000000000e+00,2.480169700786253095e+00
1.000000000000000000e+00,2.713598264844583330e+00
1.000000000000000000e+00,2.084108754453728451e+00
1.000000000000000000e+00,2.052075089785499795e+00
1.000000000000000000e+00,3.065404415598193211e+00
1.000000000000000000e+00,8.969425893540661221e-01
1.000000000000000000e+00,1.311649343864517370e+00
1.000000000000000000e+00,1.159856291621748969e+00
1.000000000000000000e+00,1.929110709697845927e+00
1.000000000000000000e+00,2.613360060694413622e+00
1.000000000000000000e+00,2.083846032469796050e+00
1.000000000000000000e+00,2.387946125271036557e+00
1.000000000000000000e+00,3.350813402077188474e+00
1.000000000000000000e+00,3.172995556026214636e+00
1.000000000000000000e+00,2.790027264209766766e+00
1.000000000000000000e+00,3.802785964005359176e+00
1.000000000000000000e+00,2.885558813960884095e+00
1.000000000000000000e+00,2.578785953560311484e+00
1.000000000000000000e+00,2.119933235953952000e+00
1.000000000000000000e+00,2.242822105280356748e+00
1.000000000000000000e+00,2.522661677126444957e+00
1.000000000000000000e+00,2.709230019127952804e+00
1.000000000000000000e+00,2.254144104157951745e+00
1.000000000000000000e+00,2.030798936216960726e+00
1.000000000000000000e+00,1.534854818787123154e+00
1.000000000000000000e+00,2.140900609141390909e+00
1.000000000000000000e+00,2.040458143499102928e+00
1.000000000000000000e+00,2.525537918588104169e+00
1.000000000000000000e+00,1.571085247518240635e+00
1.000000000000000000e+00,1.632416422228799568e+00
1.000000000000000000e+00,2.806454754977853128e+00
1.000000000000000000e+00,2.884285881593654288e+00
1.000000000000000000e+00,2.102740416604823803e+00
1.000000000000000000e+00,1.436478070990035327e+00
1.000000000000000000e+00,1.968510154300224135e+00
1.000000000000000000e+00,1.677243632358167424e+00
1.000000000000000000e+00,1.361427929413035143e+00
1.000000000000000000e+00,2.260332252975875811e+00
1.000000000000000000e+00,1.409669245670849058e+00
1.000000000000000000e+00,3.069303088594040219e+00
1.000000000000000000e+00,2.709325335928248535e+00
1.000000000000000000e+00,1.733602959533237176e+00
1.000000000000000000e+00,2.732508284574480140e+00
1.000000000000000000e+00,2.406627374108552875e+00
1.000000000000000000e+00,2.068986650195458576e+00
1.000000000000000000e+00,2.618997429193095972e+00
1.000000000000000000e+00,2.055551361955599177e+00
1.000000000000000000e+00,3.427789000819469578e+00
1.000000000000000000e+00,1.916632311523922994e+00
1.000000000000000000e+00,1.761908860288993628e+00
1.000000000000000000e+00,1.978342072645096650e+00
1.000000000000000000e+00,1.607260241995200900e+00
1.000000000000000000e+00,2.896487531138147720e+00
1.000000000000000000e+00,1.875195919811906808e+00
1.000000000000000000e+00,2.140277727852290646e+00
1.000000000000000000e+00,2.538945765030555357e+00
1.000000000000000000e+00,2.593334153478098703e+00
1.000000000000000000e+00,3.064522217901540557e+00
1.000000000000000000e+00,1.741350749943348486e+00
-1.000000000000000000e+00,2.039277239640408634e+00
-1.000000000000000000e+00,2.837536062444088181e-01
-1.000000000000000000e+00,-6.340726012424090507e-01
-1.000000000000000000e+00,-1.350913869194116934e+00
-1.000000000000000000e+00,-6.136762370885007201e-03
-1.000000000000000000e+00,-8.128533944329420224e-01
-1.000000000000000000e+00,-2.388865917222742219e+00
-1.000000000000000000e+00,-2.555987768489238032e+00
-1.000000000000000000e+00,-2.516525395067014781e+00
-1.000000000000000000e+00,-1.937409104793410108e+00
-1.000000000000000000e+00,-2.330549667307908912e+00
-1.000000000000000000e+00,-1.511575420411789050e+00
-1.000000000000000000e+00,-1.590506676268071518e+00
-1.000000000000000000e+00,-1.059137312106750217e+00
-1.000000000000000000e+00,-2.902366979935664837e+00
-1.000000000000000000e+00,-1.748483706710281194e+00
-1.000000000000000000e+00,-2.725595005538359317e+00
-1.000000000000000000e+00,-2.397905245777626870e+00
-1.000000000000000000e+00,-2.675244166676691293e+00
-1.000000000000000000e+00,-3.291887162802425770e+00
-1.000000000000000000e+00,-2.687141098355053437e+00
-1.000000000000000000e+00,-2.568326157683022082e+00
-1.000000000000000000e+00,-2.246821760139481761e+00
-1.000000000000000000e+00,-3.140711768885495303e+00
-1.000000000000000000e+00,-1.116494554081837176e+00
-1.000000000000000000e+00,-2.626544940009831297e+00
-1.000000000000000000e+00,-2.358117185600095755e+00
-1.000000000000000000e+00,-2.187249922235470212e+00
-1.000000000000000000e+00,-2.776942473305972214e+00
-1.000000000000000000e+00,-2.975858820644455616e+00
-1.000000000000000000e+00,-2.077792337475211859e+00
-1.000000000000000000e+00,-2.701839845705453769e+00
-1.000000000000000000e+00,-3.055560429178452608e+00
-1.000000000000000000e+00,-2.483124406042324761e+00
-1.000000000000000000e+00,-2.536237966618115180e+00
-1.000000000000000000e+00,-1.754168253880168393e+00
-1.000000000000000000e+00,-2.016300207778507936e+00
-1.000000000000000000e+00,-2.223456526687182411e+00
-1.000000000000000000e+00,-2.147173902228737941e+00
-1.000000000000000000e+00,-5.975395276939940992e-01
-1.000000000000000000e+00,-7.573924627274088994e-01
-1.000000000000000000e+00,-2.315386306700409680e+00
-1.000000000000000000e+00,-3.084454075733214395e+00
-1.000000000000000000e+00,-1.824279729348647017e+00
-1.000000000000000000e+00,-2.074921271934946798e+00
1.000000000000000000e+00,-3.048141603593012228e+00
1.000000000000000000e+00,-5.687760306361610008e-01
1.000000000000000000e+00,7.529714979954876819e-01
1.000000000000000000e+00,2.150610925397653084e+00
1.000000000000000000e+00,1.257038170922277542e+00
1.000000000000000000e+00,1.067044325856518316e+00
1.000000000000000000e+00,2.938154174628321513e+00
1.000000000000000000e+00,2.326859513777744137e+00
1.000000000000000000e+00,1.965172614865832390e+00
1.000000000000000000e+00,2.466803936509649464e+00
1.000000000000000000e+00,2.186023757818988056e+00
1.000000000000000000e+00,2.241090052497053176e+00
1.000000000000000000e+00,1.796008772322092550e+00
1.000000000000000000e+00,1.876389493405428155e+00
1.000000000000000000e+00,2.036306500851388535e+00
1.000000000000000000e+00,2.136039151830689153e+00
1.000000000000000000e+00,2.292968853944595597e+00
1.000000000000000000e+00,2.164637267056100267e+00
1.000000000000000000e+00,1.375022653347383272e+00
1.000000000000000000e+00,2.710879547928285227e+00
1.000000000000000000e+00,2.163468920457698896e+00
-1.000000000000000000e+00,1.672634727959536605e+00
-1.000000000000000000e+00,4.773594584785423312e-02
-1.000000000000000000e+00,-1.093683547399191491e+00
-1.000000000000000000e+00,9.697577423694869747e-02
-1.000000000000000000e+00,-3.182094740763465879e-01
-1.000000000000000000e+00,-1.157762664090868698e+00
-1.000000000000000000e+00,-1.689381213996240305e+00
-1.000000000000000000e+00,-9.747523769712947983e-01
-1.000000000000000000e+00,-2.493588839469945029e+00
-1.000000000000000000e+00,-2.773666232954497879e+00
-1.000000000000000000e+00,-2.526522013566109948e+00
-1.000000000000000000e+00,-6.502078929473562585e-01
-1.000000000000000000e+00,-1.052633341989818838e+00
-1.000000000000000000e+00,-2.069312600720972117e+00
-1.000000000000000000e+00,-1.662410112752105373e+00
-1.000000000000000000e+00,-2.522027504532412312e+00
-1.000000000000000000e+00,-2.037671352845787709e+00
-1.000000000000000000e+00,-2.680636792857991946e+00
-1.000000000000000000e+00,-1.724410944620041075e+00
-1.000000000000000000e+00,-1.807156173027697932e+00
-1.000000000000000000e+00,-1.003899999222936046e+00
-1.000000000000000000e+00,-1.968588143721478056e+00
-1.000000000000000000e+00,-2.414818402425828126e+00
-1.000000000000000000e+00,-1.331775578451644293e+00
-1.000000000000000000e+00,-2.588707344144612232e+00
-1.000000000000000000e+00,-2.822822496365529066e+00
-1.000000000000000000e+00,-1.639471089931066494e+00
-1.000000000000000000e+00,-2.654790442689552776e+00
-1.000000000000000000e+00,-2.154092719080073159e+00
-1.000000000000000000e+00,-2.819941811776733864e+00
-1.000000000000000000e+00,-2.362948385992212685e+00
-1.000000000000000000e+00,-2.668839601851814791e+00
-1.000000000000000000e+00,-2.658699068970924451e+00
-1.000000000000000000e+00,-1.537522568695547154e+00
-1.000000000000000000e+00,-2.967908553026699980e+00
-1.000000000000000000e+00,-2.886583349891294503e+00
-1.000000000000000000e+00,-2.512365844256462921e+00
-1.000000000000000000e+00,-1.625704744186215578e+00
-1.000000000000000000e+00,-1.783148532273929998e+00
-1.000000000000000000e+00,-1.349786938638231959e+00
-1.000000000000000000e+00,-2.293565818598613415e+00
-1.000000000000000000e+00,-2.493909733617673208e+00
-1.000000000000000000e+00,-1.951735897474676795e+00
-1.000000000000000000e+00,-2.531644738918238602e+00
-1.000000000000000000e+00,-1.910355986064046441e+00
1.000000000000000000e+00,-2.458158566613635632e+00
1.000000000000000000e+00,-4.348867316468341127e-02
1.000000000000000000e+00,7.945225493786349791e-01
1.000000000000000000e+00,2.221856200483435462e+00
1.000000000000000000e+00,1.071426430812135067e+00
1.000000000000000000e+00,1.752060905451521489e+00
1.000000000000000000e+00,1.740718044465820347e+00
1.000000000000000000e+00,1.971288402225346736e+00
1.000000000000000000e+00,2.977035146862830661e+00
1.000000000000000000e+00,2.616512076800555420e+00
1.000000000000000000e+00,1.648902945160740208e+00
1.000000000000000000e+00,1.940463076162207479e+00
1.000000000000000000e+00,1.505586744602668503e+00
1.000000000000000000e+00,4.843980900406283929e-01
1.000000000000000000e+00,-4.821719842239913234e-02
1.000000000000000000e+00,6.468536548091383676e-01
1.000000000000000000e+00,3.303922134926664533e+00
1.000000000000000000e+00,2.538678057041401814e+00
1.000000000000000000e+00,1.898648325252105362e+00
1.000000000000000000e+00,1.756666540131486931e+00
1.000000000000000000e+00,3.072039656275196595e+00
1.000000000000000000e+00,2.700089623566078512e+00
1.000000000000000000e+00,2.930597932434018560e+00
1.000000000000000000e+00,2.374636872888261863e+00
1.000000000000000000e+00,1.824356214895951123e+00
1.000000000000000000e+00,3.314099881437721162e+00
1.000000000000000000e+00,3.376083996801111820e+00
1.000000000000000000e+00,3.074825333945899075e+00
1.000000000000000000e+00,3.275644702109270057e+00
1.000000000000000000e+00,3.214632391055909810e+00
1.000000000000000000e+00,2.820235160567182486e+00
1.000000000000000000e+00,1.349202478607831379e+00
1.000000000000000000e+00,1.786663598680131138e+00
1.000000000000000000e+00,2.678954969665060304e+00
1.000000000000000000e+00,2.391710853185668118e+00
1.000000000000000000e+00,1.877901235556561410e+00
-1.000000000000000000e+00,1.638276882454392513e+00
-1.000000000000000000e+00,1.098499667648033196e+00
-1.000000000000000000e+00,6.438864791855402059e-01
-1.000000000000000000e+00,-2.461620229534556281e-01
-1.000000000000000000e+00,-1.355364561520453703e+00
-1.000000000000000000e+00,-1.415660488398501116e+00
-1.000000000000000000e+00,-1.272827846063989909e+00
-1.000000000000000000e+00,-1.825102839680484479e+00
-1.000000000000000000e+00,-1.836252718814986196e+00
-1.000000000000000000e+00,-2.375765161493199162e+00
-1.000000000000000000e+00,-1.744675605572873822e+00
-1.000000000000000000e+00,-2.238131108409543213e+00
-1.000000000000000000e+00,-1.978131215648105679e+00
-1.000000000000000000e+00,-1.392316158570554130e+00
-1.000000000000000000e+00,-1.687853821568022550e+00
-1.000000000000000000e+00,-2.217825576163717560e+00
-1.000000000000000000e+00,-2.728740498136589476e+00
-1.000000000000000000e+00,-2.314254444367995323e+00
-1.000000000000000000e+00,-1.371901398750312584e+00
-1.000000000000000000e+00,-2.927025436384795842e+00
-1.000000000000000000e+00,-2.647749329565606047e+00
-1.000000000000000000e+00,-2.604687613626023079e+00
-1.000000000000000000e+00,-2.873049180112288603e+00
-1.000000000000000000e+00,-2.993681156430844759e+00
-1.000000000000000000e+00,-3.364360728202967721e+00
-1.000000000000000000e+00,-2.375396330662808531e+00
-1.000000000000000000e+00,-2.336332926639157481e+00
-1.000000000000000000e+00,-3.426399880181796753e+00
-1.000000000000000000e+00,-3.610897253354905967e+00
-1.000000000000000000e+00,-2.292566643435674845e+00
1.000000000000000000e+00,-3.432796407955791995e+00
1.000000000000000000e+00,-8.929017426421439474e-01
1.000000000000000000e+00,6.077521825852010284e-01
1.000000000000000000e+00,1.247863405186767416e+00
1.000000000000000000e+00,2.201813128138911946e+00
1.000000000000000000e+00,1.357003729808274439e+00
1.000000000000000000e+00,9.598717139439055801e-01
1.000000000000000000e+00,5.278811474143383364e-01
1.000000000000000000e+00,2.183137552200278275e+00
-1.000000000000000000e+00,2.251079739309249650e+00
-1.000000000000000000e+00,1.528142801129199757e+00
-1.000000000000000000e+00,1.263332461259734085e+00
-1.000000000000000000e+00,-3.668645031578849913e-01
-1.000000000000000000e+00,3.749515278390103123e-01
-1.000000000000000000e+00,-1.135819085360519676e+00
-1.000000000000000000e+00,-1.744725776895100333e+00
-1.000000000000000000e+00,-1.727115000608338669e+00
-1.000000000000000000e+00,-1.530182916034101837e+00
1.000000000000000000e+00,-1.769602917487848703e+00
1.000000000000000000e+00,-6.112267745368993310e-01
1.000000000000000000e+00,-4.042711784003299447e-01
1.000000000000000000e+00,8.276350681637478779e-01
1.000000000000000000e+00,1.250995203340701689e+00
1.000000000000000000e+00,1.511220661571281987e+00
1.000000000000000000e+00,1.209481263636535520e+00
1.000000000000000000e+00,1.843085075835842357e+00
1.000000000000000000e+00,1.798134740554490518e+00
1.000000000000000000e+00,2.443952457538321799e+00
1.000000000000000000e+00,2.480801190948849655e+00
1.000000000000000000e+00,2.138903468948397002e+00
-1.000000000000000000e+00,2.652604960916748578e+00
-1.000000000000000000e+00,1.729339729773716750e+00
-1.000000000000000000e+00,-1.846683310082765372e-01
-1.000000000000000000e+00,-1.532194468110261276e+00
-1.000000000000000000e+00,-1.454566154897118047e+00
-1.000000000000000000e+00,-2.972844826545516739e+00
-1.000000000000000000e+00,-2.555243390014743987e+00
-1.000000000000000000e+00,-2.260711313349239138e+00
-1.000000000000000000e+00,-2.555722853940703310e+00
-1.000000000000000000e+00,-2.201009467998918723e+00
-1.000000000000000000e+00,-1.925478660445855583e+00
-1.000000000000000000e+00,-2.335848980410188069e+00
-1.000000000000000000e+00,-2.503575065223806906e+00
-1.000000000000000000e+00,-2.651784039888667621e+00
-1.000000000000000000e+00,-2.693310213893423732e+00
-1.000000000000000000e+00,-2.509001387064650590e+00
-1.000000000000000000e+00,-2.201026033598430409e+00
-1.000000000000000000e+00,-2.794518841830865519e+00
1.000000000000000000e+00,-2.567531635344810770e+00
1.000000000000000000e+00,-1.217663529096171704e+00
1.000000000000000000e+00,9.647590998658600592e-01
1.000000000000000000e+00,1.889166575809057669e+00
1.000000000000000000e+00,1.055285498879232620e-02
1.000000000000000000e+00,1.185714908237000875e+00
1.000000000000000000e+00,1.473987153321049570e+00
1.000000000000000000e+00,1.480001841305954802e+00
1.000000000000000000e+00,1.702591460592392636e+00
-1.000000000000000000e+00,2.040130573911519640e+00
-1.000000000000000000e+00,8.228597006146110004e-01
-1.000000000000000000e+00,-6.535048457230335783e-02
-1.000000000000000000e+00,-6.459970342868559534e-01
-1.000000000000000000e+00,-1.388571116555123108e+00
-1.000000000000000000e+00,-1.447009526588923345e+00
-1.000000000000000000e+00,-2.667432407716431086e+00
-1.000000000000000000e+00,-2.845559742539824466e+00
-1.000000000000000000e+00,-1.560586703507752970e+00
-1.000000000000000000e+00,-1.542590009978662025e+00
-1.000000000000000000e+00,-2.597114500261890946e+00
-1.000000000000000000e+00,-2.178927892517995346e+00
-1.000000000000000000e+00,-2.082895558794273239e+00
-1.000000000000000000e+00,-2.561206858769173422e+00
-1.000000000000000000e+00,-2.832373820880896176e+00
-1.000000000000000000e+00,-2.735392817148791789e+00
-1.000000000000000000e+00,-3.134153289856095093e+00
-1.000000000000000000e+00,-1.722564359494330288e+00
-1.000000000000000000e+00,-1.946960836481122836e+00
-1.000000000000000000e+00,-2.524625239985723191e+00
-1.000000000000000000e+00,-2.592728770226591983e+00
1.000000000000000000e+00,-2.518123362369846685e+00
1.000000000000000000e+00,2.427815203073180328e-02
1.000000000000000000e+00,2.543313548987752304e-01
-1.000000000000000000e+00,1.894676997881216129e-01
-1.000000000000000000e+00,-8.818556287520297465e-02
-1.000000000000000000e+00,-1.239347736384606158e+00
-1.000000000000000000e+00,-4.455005465459979108e-01
-1.000000000000000000e+00,-9.223162263241531100e-01
-1.000000000000000000e+00,-1.003887549282433067e+00
-1.000000000000000000e+00,-1.007667459477079142e+00
-1.000000000000000000e+00,-3.965235792133925852e+00
-1.000000000000000000e+00,-2.372228771582501672e+00
-1.000000000000000000e+00,-2.697975492443186241e+00
-1.000000000000000000e+00,-1.635655897451479657e+00
-1.000000000000000000e+00,-1.834628188063645693e+00
-1.000000000000000000e+00,-1.802798041405301310e+00
-1.000000000000000000e+00,-9.445054095671947536e-01
-1.000000000000000000e+00,-2.290632975010299166e+00
-1.000000000000000000e+00,-2.359370042164850911e+00
-1.000000000000000000e+00,-2.662202711444262793e+00
-1.000000000000000000e+00,-1.867304154255952087e+00
-1.000000000000000000e+00,-2.683991313198321293e+00
-1.000000000000000000e+00,-3.761409919224196763e+00
-1.000000000000000000e+00,-3.626447262884477940e+00
-1.000000000000000000e+00,-2.415705206282096729e+00
-1.000000000000000000e+00,-1.835310448403334238e+00
-1.000000000000000000e+00,-2.234685385561168136e+00
-1.000000000000000000e+00,-2.161839369448109949e+00
-1.000000000000000000e+00,-3.191575118446249526e+00
-1.000000000000000000e+00,-2.517504785777631149e+00
-1.000000000000000000e+00,-2.072389108034007776e+00
-1.000000000000000000e+00,-2.367688980659013787e+00
-1.000000000000000000e+00,-2.335965296291336646e+00
-1.000000000000000000e+00,-2.082453478516981260e+00
-1.000000000000000000e+00,-2.421287196717718082e+00
-1.000000000000000000e+00,-3.016143900667776379e+00
-1.000000000000000000e+00,-3.991686398275749337e+00
-1.000000000000000000e+00,-1.702602389549516371e+00
-1.000000000000000000e+00,-2.596710433918424599e+00
-1.000000000000000000e+00,-2.213276796344841202e+00
-1.000000000000000000e+00,-3.908829883861415944e+00
-1.000000000000000000e+00,-2.553542282737558899e+00
-1.000000000000000000e+00,-2.571588567657469682e+00
-1.000000000000000000e+00,-2.091253409602262803e+00
-1.000000000000000000e+00,-2.263918527370776701e+00
-1.000000000000000000e+00,-2.548839068726930890e+00
-1.000000000000000000e+00,-1.825608004457316635e+00
-1.000000000000000000e+00,-1.287343902997837963e+00
-1.000000000000000000e+00,-2.875682079758776322e+00
-1.000000000000000000e+00,-1.008896668596990009e+00
-1.000000000000000000e+00,-3.158735296794616954e+00
-1.000000000000000000e+00,-1.423288261562881019e+00
-1.000000000000000000e+00,-1.577494200859000051e+00
-1.000000000000000000e+00,-1.908685092826090335e+00
-1.000000000000000000e+00,-3.139823973237997556e+00
-1.000000000000000000e+00,-2.966381197328067376e+00
-1.000000000000000000e+00,-1.855223977062391505e+00
-1.000000000000000000e+00,-1.120161382433218389e+00
-1.000000000000000000e+00,-2.218009727350969573e+00
-1.000000000000000000e+00,-1.874819404602582340e+00
-1.000000000000000000e+00,-4.038900023882343149e+00
-1.000000000000000000e+00,-3.101036413440519279e+00
-1.000000000000000000e+00,-2.510941309251411901e+00
-1.000000000000000000e+00,-2.735067869698192489e+00
-1.000000000000000000e+00,-2.570423393877790730e+00
-1.000000000000000000e+00,-2.469037252821377759e+00
-1.000000000000000000e+00,-1.334958757204869784e+00
-1.000000000000000000e+00,-1.208453823633552027e+00
-1.000000000000000000e+00,-2.437544740404955945e+00
-1.000000000000000000e+00,-2.979158270071948778e+00
-1.000000000000000000e+00,-1.330239511547740117e+00
-1.000000000000000000e+00,-2.166522824109606837e+00
-1.000000000000000000e+00,-3.011190192350460926e+00
-1.000000000000000000e+00,-2.686632401434725814e+00
-1.000000000000000000e+00,-3.235695526456939142e+00
1.000000000000000000e+00,-2.741770588726533120e+00
1.000000000000000000e+00,-6.277238713203836529e-01
1.000000000000000000e+00,-1.892165746823177008e-01
1.000000000000000000e+00,6.434662102027721708e-01
1.000000000000000000e+00,1.367648392696521276e+00
1.000000000000000000e+00,1.629199409545126542e+00
1.000000000000000000e+00,1.460371341873577533e+00
1.000000000000000000e+00,1.685082265649278099e+00
1.000000000000000000e+00,1.298968052915270732e+00
-1.000000000000000000e+00,5.672226420642729749e-01
-1.000000000000000000e+00,7.982252154992353077e-01
-1.000000000000000000e+00,-5.181411624131952998e-01
-1.000000000000000000e+00,-1.586912425649469549e+00
-1.000000000000000000e+00,-2.485389689348206588e+00
-1.000000000000000000e+00,-2.500237298986968337e+00
-1.000000000000000000e+00,-2.630787060766157204e+00
-1.000000000000000000e+00,-3.267929688977234459e+00
-1.000000000000000000e+00,-3.350807791196484864e+00
-1.000000000000000000e+00,-1.219065562929619873e+00
-1.000000000000000000e+00,-1.933798401141251899e+00
-1.000000000000000000e+00,-1.893421030710504604e+00
-1.000000000000000000e+00,-1.878760335632965184e+00
-1.000000000000000000e+00,-2.872642162353852058e+00
-1.000000000000000000e+00,-2.178308805095715339e+00
-1.000000000000000000e+00,-2.013888027597219743e+00
-1.000000000000000000e+00,-2.894955990817570157e+00
-1.000000000000000000e+00,-3.323234129222007560e+00
-1.000000000000000000e+00,-2.033199210825781478e+00
-1.000000000000000000e+00,-2.613670343809457730e+00
-1.000000000000000000e+00,-3.373247438939248610e+00
-1.000000000000000000e+00,-1.999945075408529060e+00
-1.000000000000000000e+00,-2.292840233911293879e+00
-1.000000000000000000e+00,-3.075706131526059650e+00
-1.000000000000000000e+00,-1.740420122133940373e+00
-1.000000000000000000e+00,-2.424951266141406325e+00
-1.000000000000000000e+00,-1.375946925629768725e+00
-1.000000000000000000e+00,-1.020838373427106038e+00
-1.000000000000000000e+00,-1.429591634644948872e+00
-1.000000000000000000e+00,-2.147773326504955893e+00
-1.000000000000000000e+00,-3.605702305975070576e+00
-1.000000000000000000e+00,-2.662598435172601086e+00
-1.000000000000000000e+00,-2.362085356207383136e+00
-1.000000000000000000e+00,-2.005008447903568580e+00
-1.000000000000000000e+00,-1.922724240099247472e+00
-1.000000000000000000e+00,-2.293866374639573102e+00
-1.000000000000000000e+00,-2.023354656282740471e+00
-1.000000000000000000e+00,-4.067820279352160284e+00
-1.000000000000000000e+00,-2.761047689773258096e+00
-1.000000000000000000e+00,-1.552476143748873660e+00
-1.000000000000000000e+00,-2.148658762981469295e+00
-1.000000000000000000e+00,-1.587910495179296833e+00
-1.000000000000000000e+00,-1.224516117169826446e+00
-1.000000000000000000e+00,-1.206022238198060537e+00
-1.000000000000000000e+00,-1.701990797122638011e+00
-1.000000000000000000e+00,-2.538427547987238686e+00
-1.000000000000000000e+00,-2.177690371040548190e+00
-1.000000000000000000e+00,-1.767102437067605170e+00
-1.000000000000000000e+00,-1.878168720544072690e+00
-1.000000000000000000e+00,-2.171325936955362579e+00
-1.000000000000000000e+00,-1.605340735768679750e+00
-1.000000000000000000e+00,-2.728126190067727386e+00
-1.000000000000000000e+00,-1.958895779612972010e+00
-1.000000000000000000e+00,-2.559899321279318851e+00
1.000000000000000000e+00,-1.946934838963928716e+00
1.000000000000000000e+00,-1.840972015591624267e+00
1.000000000000000000e+00,6.614245045592447303e-01
