1.000000000000000000e+00,-1.858424811924638126e-02
1.000000000000000000e+00,6.770903442607217881e-01
1.000000000000000000e+00,1.148631736046331620e+00
1.000000000000000000e+00,1.468099962004540293e+00
1.000000000000000000e+00,1.737398375928252969e+00
1.000000000000000000e+00,1.899620951928169710e+00
1.000000000000000000e+00,2.059869699998693182e+00
1.000000000000000000e+00,2.132471512541903813e+00
1.000000000000000000e+00,2.249108619262271791e+00
1.000000000000000000e+00,2.311906330702320655e+00
1.000000000000000000e+00,2.332795899396652661e+00
1.000000000000000000e+00,2.343571536435146818e+00
1.000000000000000000e+00,2.373154013974180909e+00
1.000000000000000000e+00,2.437344254406945687e+00
1.000000000000000000e+00,2.442174650951494552e+00
1.000000000000000000e+00,2.485283120209505370e+00
1.000000000000000000e+00,2.514867365093734541e+00
1.000000000000000000e+00,2.510114413757536411e+00
1.000000000000000000e+00,2.478849950463802632e+00
1.000000000000000000e+00,2.549522499256412278e+00
1.000000000000000000e+00,2.555301400338254147e+00
1.000000000000000000e+00,2.579807836333025683e+00
1.000000000000000000e+00,2.540255403337135842e+00
1.000000000000000000e+00,2.515739805342178670e+00
1.000000000000000000e+00,2.516990134932290069e+00
-1.000000000000000000e+00,2.486165664546397203e+00
-1.000000000000000000e+00,1.086647283936113872e+00
-1.000000000000000000e+00,1.254206574713718769e-01
-1.000000000000000000e+00,-5.306440068229223428e-01
-1.000000000000000000e+00,-9.928799639374945585e-01
-1.000000000000000000e+00,-1.352358083125189570e+00
-1.000000000000000000e+00,-1.548844066529551755e+00
-1.000000000000000000e+00,-1.714288331076399663e+00
-1.000000000000000000e+00,-1.822864120942488064e+00
-1.000000000000000000e+00,-1.901433457086010970e+00
-1.000000000000000000e+00,-1.925398864544880517e+00
-1.000000000000000000e+00,-1.934843501579876834e+00
-1.000000000000000000e+00,-1.953946582093165407e+00
-1.000000000000000000e+00,-1.987287060266912819e+00
-1.000000000000000000e+00,-1.996853184715603247e+00
-1.000000000000000000e+00,-1.980425422221974818e+00
-1.000000000000000000e+00,-2.011340005790939411e+00
-1.000000000000000000e+00,-2.028040363880434072e+00
-1.000000000000000000e+00,-2.045969670058109813e+00
-1.000000000000000000e+00,-2.024702811725602292e+00
-1.000000000000000000e+00,-2.051717080958997297e+00
-1.000000000000000000e+00,-2.062330953206946038e+00
-1.000000000000000000e+00,-2.077776833616877816e+00
-1.000000000000000000e+00,-2.103283054810388464e+00
-1.000000000000000000e+00,-2.112458505098047112e+00
-1.000000000000000000e+00,-2.061088113685244583e+00
-1.000000000000000000e+00,-2.121670704501537053e+00
-1.000000000000000000e+00,-2.138236203773221433e+00
-1.000000000000000000e+00,-2.133436412736592125e+00
-1.000000000000000000e+00,-2.120954674173256116e+00
1.000000000000000000e+00,-2.147710812939569891e+00
1.000000000000000000e+00,-7.417734271105398403e-01
1.000000000000000000e+00,2.003601631656094784e-01
1.000000000000000000e+00,9.400657576167098517e-01
1.000000000000000000e+00,1.408057143184086701e+00
1.000000000000000000e+00,1.744963765424530244e+00
1.000000000000000000e+00,1.954176313303980006e+00
1.000000000000000000e+00,2.066536047336216875e+00
1.000000000000000000e+00,2.159197750012652239e+00
1.000000000000000000e+00,2.220124497057960777e+00
1.000000000000000000e+00,2.253825106361590613e+00
1.000000000000000000e+00,2.290602187540743184e+00
1.000000000000000000e+00,2.283001075241479771e+00
1.000000000000000000e+00,2.270691910530414859e+00
1.000000000000000000e+00,2.328079498121363056e+00
-1.000000000000000000e+00,2.322697486075961049e+00
-1.000000000000000000e+00,8.991658425357961226e-01
-1.000000000000000000e+00,-4.321678720297492116e-02
-1.000000000000000000e+00,-6.919994323650278112e-01
-1.000000000000000000e+00,-1.207863494491252743e+00
-1.000000000000000000e+00,-1.563724243345097298e+00
-1.000000000000000000e+00,-1.750716544571317312e+00
-1.000000000000000000e+00,-1.897339196966175034e+00
-1.000000000000000000e+00,-2.020947670243560701e+00
-1.000000000000000000e+00,-2.145129484110154916e+00
-1.000000000000000000e+00,-2.263717548489775577e+00
-1.000000000000000000e+00,-2.305668297513411957e+00
-1.000000000000000000e+00,-2.356207752480870887e+00
-1.000000000000000000e+00,-2.435612918701029805e+00
-1.000000000000000000e+00,-2.529112894982285198e+00
-1.000000000000000000e+00,-2.582229095990507872e+00
-1.000000000000000000e+00,-2.669189814030568098e+00
-1.000000000000000000e+00,-2.694081454767353279e+00
-1.000000000000000000e+00,-2.663480838586276711e+00
-1.000000000000000000e+00,-2.593347883804990150e+00
-1.000000000000000000e+00,-2.576504971770982699e+00
-1.000000000000000000e+00,-2.583990275955196481e+00
-1.000000000000000000e+00,-2.566338012912880551e+00
-1.000000000000000000e+00,-2.482108437341198570e+00
-1.000000000000000000e+00,-2.444002108329895506e+00
-1.000000000000000000e+00,-2.416297679498701889e+00
-1.000000000000000000e+00,-2.428701394479623410e+00
-1.000000000000000000e+00,-2.447276984828083979e+00
-1.000000000000000000e+00,-2.488549703607493058e+00
-1.000000000000000000e+00,-2.461469809601168901e+00
-1.000000000000000000e+00,-2.473487212543517888e+00
-1.000000000000000000e+00,-2.477640219346262551e+00
-1.000000000000000000e+00,-2.459348776980303075e+00
-1.000000000000000000e+00,-2.459039215858839000e+00
-1.000000000000000000e+00,-2.431160071643319931e+00
-1.000000000000000000e+00,-2.409240928199560372e+00
-1.000000000000000000e+00,-2.369291403920372741e+00
-1.000000000000000000e+00,-2.308007572724017908e+00
-1.000000000000000000e+00,-2.296067463990427715e+00
-1.000000000000000000e+00,-2.279270066114384097e+00
-1.000000000000000000e+00,-2.295291848826295222e+00
-1.000000000000000000e+00,-2.277549760462989070e+00
-1.000000000000000000e+00,-2.289115624819124228e+00
-1.000000000000000000e+00,-2.352048721763889461e+00
-1.000000000000000000e+00,-2.358202140103708100e+00
-1.000000000000000000e+00,-2.332387627883835801e+00
-1.000000000000000000e+00,-2.364300341986321108e+00
-1.000000000000000000e+00,-2.324726435051443385e+00
-1.000000000000000000e+00,-2.344965783261185432e+00
-1.000000000000000000e+00,-2.299208819153284455e+00
-1.000000000000000000e+00,-2.267507763639927454e+00
-1.000000000000000000e+00,-2.193116061619122981e+00
-1.000000000000000000e+00,-2.193976203496665889e+00
-1.000000000000000000e+00,-2.201408747557112022e+00
-1.000000000000000000e+00,-2.197022546311613311e+00
-1.000000000000000000e+00,-2.225733735108855083e+00
-1.000000000000000000e+00,-2.233988177374718553e+00
-1.000000000000000000e+00,-2.258483739327940221e+00
-1.000000000000000000e+00,-2.257978539185836908e+00
-1.000000000000000000e+00,-2.231780273892940425e+00
1.000000000000000000e+00,-2.210426487169071752e+00
1.000000000000000000e+00,-8.005992081652310022e-01
1.000000000000000000e+00,1.952741373185664653e-01
1.000000000000000000e+00,8.220773069804184763e-01
1.000000000000000000e+00,1.277336253278606559e+00
1.000000000000000000e+00,1.635456383956415127e+00
1.000000000000000000e+00,1.848333027375820059e+00
1.000000000000000000e+00,2.002110785956465300e+00
1.000000000000000000e+00,2.089630776271799828e+00
1.000000000000000000e+00,2.199308294538106168e+00
1.000000000000000000e+00,2.302479324776076641e+00
1.000000000000000000e+00,2.334606833408242821e+00
1.000000000000000000e+00,2.333140716465193609e+00
1.000000000000000000e+00,2.400675652350636291e+00
1.000000000000000000e+00,2.420524387487525964e+00
1.000000000000000000e+00,2.414606720567932907e+00
1.000000000000000000e+00,2.464466705922330636e+00
1.000000000000000000e+00,2.424822196356454462e+00
1.000000000000000000e+00,2.422564801937889811e+00
1.000000000000000000e+00,2.443134763003798948e+00
1.000000000000000000e+00,2.440629388950315448e+00
1.000000000000000000e+00,2.434414661559298310e+00
1.000000000000000000e+00,2.406217261833564436e+00
1.000000000000000000e+00,2.342880933274736677e+00
1.000000000000000000e+00,2.331812568364020954e+00
1.000000000000000000e+00,2.341493768126320152e+00
1.000000000000000000e+00,2.361189076539953469e+00
-1.000000000000000000e+00,2.385261994021420584e+00
-1.000000000000000000e+00,9.689648348363558705e-01
-1.000000000000000000e+00,-1.911657891332614601e-02
-1.000000000000000000e+00,-7.181770253620567424e-01
-1.000000000000000000e+00,-1.174191777332969089e+00
-1.000000000000000000e+00,-1.489800279934050398e+00
-1.000000000000000000e+00,-1.737744958948937546e+00
-1.000000000000000000e+00,-1.857967578748122017e+00
-1.000000000000000000e+00,-1.948972594844743167e+00
-1.000000000000000000e+00,-1.960102401255089610e+00
-1.000000000000000000e+00,-1.969693782050640385e+00
-1.000000000000000000e+00,-2.017391859730676806e+00
-1.000000000000000000e+00,-2.020510065732616933e+00
-1.000000000000000000e+00,-2.016995241895032986e+00
-1.000000000000000000e+00,-1.998839288801391945e+00
-1.000000000000000000e+00,-2.029407698239047875e+00
-1.000000000000000000e+00,-2.035760915840466811e+00
-1.000000000000000000e+00,-2.045337012215875383e+00
-1.000000000000000000e+00,-2.068214555190310833e+00
-1.000000000000000000e+00,-2.019513704429434231e+00
-1.000000000000000000e+00,-2.041045413099488393e+00
-1.000000000000000000e+00,-2.059519836526493730e+00
-1.000000000000000000e+00,-2.063866084580230353e+00
-1.000000000000000000e+00,-2.050058242034595857e+00
-1.000000000000000000e+00,-2.040537521395685783e+00
-1.000000000000000000e+00,-1.995645326562004440e+00
-1.000000000000000000e+00,-1.933267616562746261e+00
-1.000000000000000000e+00,-1.911001092602994778e+00
-1.000000000000000000e+00,-1.896655591397454099e+00
-1.000000000000000000e+00,-1.903220376906379130e+00
-1.000000000000000000e+00,-1.942411901869052659e+00
-1.000000000000000000e+00,-1.933440570307184636e+00
-1.000000000000000000e+00,-1.908777807289240069e+00
-1.000000000000000000e+00,-1.852216795565842178e+00
-1.000000000000000000e+00,-1.855872087919458346e+00
-1.000000000000000000e+00,-1.865314324598191131e+00
-1.000000000000000000e+00,-1.862527080109078526e+00
-1.000000000000000000e+00,-1.836624327385866451e+00
-1.000000000000000000e+00,-1.788885858896379411e+00
-1.000000000000000000e+00,-1.818485019189615581e+00
-1.000000000000000000e+00,-1.854597904543948239e+00
-1.000000000000000000e+00,-1.864255223158947761e+00
-1.000000000000000000e+00,-1.876801322741488365e+00
-1.000000000000000000e+00,-1.897933500318236044e+00
-1.000000000000000000e+00,-1.954632178699771572e+00
-1.000000000000000000e+00,-1.988398954402494034e+00
-1.000000000000000000e+00,-1.981947126059512509e+00
-1.000000000000000000e+00,-1.937747345370094409e+00
-1.000000000000000000e+00,-1.931843388987665833e+00
-1.000000000000000000e+00,-1.913654416217564824e+00
-1.000000000000000000e+00,-1.921772108676167878e+00
-1.000000000000000000e+00,-1.914162893703711177e+00
-1.000000000000000000e+00,-1.937077018679552509e+00
-1.000000000000000000e+00,-1.914464038643678645e+00
-1.000000000000000000e+00,-1.908783069940665378e+00
-1.000000000000000000e+00,-1.907384565148162459e+00
-1.000000000000000000e+00,-1.865253327857260723e+00
-1.000000000000000000e+00,-1.911065442275733828e+00
-1.000000000000000000e+00,-1.934523451910174829e+00
-1.000000000000000000e+00,-1.934361633618351117e+00
-1.000000000000000000e+00,-1.921361239517113129e+00
-1.000000000000000000e+00,-1.943203930354649334e+00
-1.000000000000000000e+00,-1.986783976564454379e+00
1.000000000000000000e+00,-2.000156844627995589e+00
1.000000000000000000e+00,-6.106306287269527289e-01
1.000000000000000000e+00,3.992797570505317584e-01
1.000000000000000000e+00,1.050400158605997891e+00
1.000000000000000000e+00,1.538854508601394500e+00
1.000000000000000000e+00,1.848498912695675012e+00
-1.000000000000000000e+00,2.112444159754816475e+00
-1.000000000000000000e+00,9.382832229048703176e-01
-1.000000000000000000e+00,1.032898703782207939e-01
-1.000000000000000000e+00,-5.187613932428346564e-01
-1.000000000000000000e+00,-9.247576450591941111e-01
-1.000000000000000000e+00,-1.236460509196060098e+00
-1.000000000000000000e+00,-1.464467414743198637e+00
-1.000000000000000000e+00,-1.577518912605682111e+00
-1.000000000000000000e+00,-1.604107591227406759e+00
-1.000000000000000000e+00,-1.654523969874530209e+00
-1.000000000000000000e+00,-1.675758563950906499e+00
-1.000000000000000000e+00,-1.723877395406802293e+00
1.000000000000000000e+00,-1.775154043302041185e+00
1.000000000000000000e+00,-4.088070059397478917e-01
1.000000000000000000e+00,5.610344800953259714e-01
1.000000000000000000e+00,1.224920980499442091e+00
1.000000000000000000e+00,1.716532287108353483e+00
1.000000000000000000e+00,2.038622023829856911e+00
1.000000000000000000e+00,2.257398614947883519e+00
1.000000000000000000e+00,2.425620459776187676e+00
1.000000000000000000e+00,2.555012656846048280e+00
1.000000000000000000e+00,2.639538216381637437e+00
1.000000000000000000e+00,2.699759487834068938e+00
1.000000000000000000e+00,2.742762433575484771e+00
1.000000000000000000e+00,2.797323291040565874e+00
1.000000000000000000e+00,2.794100247025082862e+00
1.000000000000000000e+00,2.832730964818221508e+00
1.000000000000000000e+00,2.832658436222362131e+00
1.000000000000000000e+00,2.846361428521763770e+00
1.000000000000000000e+00,2.833006289237414599e+00
1.000000000000000000e+00,2.794181515984561326e+00
1.000000000000000000e+00,2.811369168711375988e+00
1.000000000000000000e+00,2.837448732265610563e+00
1.000000000000000000e+00,2.850373549566309173e+00
1.000000000000000000e+00,2.818638689476537174e+00
1.000000000000000000e+00,2.825388549385758452e+00
-1.000000000000000000e+00,2.796671340639178549e+00
-1.000000000000000000e+00,1.351501870122497451e+00
-1.000000000000000000e+00,3.955127490769433929e-01
-1.000000000000000000e+00,-3.192940803696153740e-01
-1.000000000000000000e+00,-8.050243566212009760e-01
-1.000000000000000000e+00,-1.123100101902569037e+00
-1.000000000000000000e+00,-1.368693292924385574e+00
-1.000000000000000000e+00,-1.539296157828062395e+00
-1.000000000000000000e+00,-1.631388976730155260e+00
-1.000000000000000000e+00,-1.681179450577192425e+00
-1.000000000000000000e+00,-1.763193973246564461e+00
-1.000000000000000000e+00,-1.834862833829296047e+00
-1.000000000000000000e+00,-1.893025412091338566e+00
-1.000000000000000000e+00,-1.904259103554367671e+00
-1.000000000000000000e+00,-1.913495147846851374e+00
-1.000000000000000000e+00,-1.919554067079084492e+00
-1.000000000000000000e+00,-1.967991916170192424e+00
-1.000000000000000000e+00,-1.970979064944182735e+00
-1.000000000000000000e+00,-1.990352847202837783e+00
-1.000000000000000000e+00,-2.049872156032107373e+00
-1.000000000000000000e+00,-2.144301699034345532e+00
-1.000000000000000000e+00,-2.126057632618679971e+00
-1.000000000000000000e+00,-2.150880937269472160e+00
-1.000000000000000000e+00,-2.172449674570575695e+00
-1.000000000000000000e+00,-2.172864393474846612e+00
-1.000000000000000000e+00,-2.183045060752170308e+00
-1.000000000000000000e+00,-2.193947821446282642e+00
-1.000000000000000000e+00,-2.205251128322370580e+00
-1.000000000000000000e+00,-2.230015990690030758e+00
-1.000000000000000000e+00,-2.262341509232579373e+00
-1.000000000000000000e+00,-2.254331036964496882e+00
-1.000000000000000000e+00,-2.291433115322406788e+00
-1.000000000000000000e+00,-2.234573984244242695e+00
-1.000000000000000000e+00,-2.218470222467709085e+00
-1.000000000000000000e+00,-2.186937172936531226e+00
-1.000000000000000000e+00,-2.169309086313083057e+00
-1.000000000000000000e+00,-2.163879236720966048e+00
-1.000000000000000000e+00,-2.178112314852652887e+00
-1.000000000000000000e+00,-2.143174227904373286e+00
-1.000000000000000000e+00,-2.151087326305861414e+00
-1.000000000000000000e+00,-2.136596587124376612e+00
-1.000000000000000000e+00,-2.173746941357578510e+00
-1.000000000000000000e+00,-2.207602874336496601e+00
-1.000000000000000000e+00,-2.237321709870438102e+00
-1.000000000000000000e+00,-2.257099599485552499e+00
-1.000000000000000000e+00,-2.266512603999120135e+00
-1.000000000000000000e+00,-2.253015241714508399e+00
-1.000000000000000000e+00,-2.240377901598570531e+00
-1.000000000000000000e+00,-2.211946084725208372e+00
-1.000000000000000000e+00,-2.202240447416320634e+00
-1.000000000000000000e+00,-2.222834394042735973e+00
1.000000000000000000e+00,-2.175646926054522368e+00
1.000000000000000000e+00,-7.962951925407684151e-01
1.000000000000000000e+00,1.858859764776972234e-01
1.000000000000000000e+00,8.585599757709174717e-01
1.000000000000000000e+00,1.319258459831882169e+00
1.000000000000000000e+00,1.600248692772578085e+00
1.000000000000000000e+00,1.820800128466178780e+00
1.000000000000000000e+00,1.983848779910468263e+00
1.000000000000000000e+00,2.070985275983618923e+00
1.000000000000000000e+00,2.128782972509481120e+00
1.000000000000000000e+00,2.189165783899227335e+00
1.000000000000000000e+00,2.234987531988323006e+00
1.000000000000000000e+00,2.266339061285950418e+00
1.000000000000000000e+00,2.264793852551243880e+00
1.000000000000000000e+00,2.272016900877663392e+00
1.000000000000000000e+00,2.258462435173151928e+00
1.000000000000000000e+00,2.247070297586917231e+00
1.000000000000000000e+00,2.208634036303073422e+00
1.000000000000000000e+00,2.203388933070874689e+00
1.000000000000000000e+00,2.185478960840113949e+00
1.000000000000000000e+00,2.178257557382305087e+00
1.000000000000000000e+00,2.148965471413254225e+00
1.000000000000000000e+00,2.151182804078335398e+00
1.000000000000000000e+00,2.125897911259887696e+00
1.000000000000000000e+00,2.090132180960022179e+00
1.000000000000000000e+00,2.081888926405514262e+00
1.000000000000000000e+00,2.051002103398544829e+00
1.000000000000000000e+00,2.016076155529813008e+00
1.000000000000000000e+00,1.986063764259419884e+00
1.000000000000000000e+00,2.000366831703504378e+00
1.000000000000000000e+00,1.970257429079910638e+00
1.000000000000000000e+00,1.952093823005810247e+00
1.000000000000000000e+00,1.987712387526479274e+00
1.000000000000000000e+00,2.028643869879991346e+00
1.000000000000000000e+00,2.010291560945535849e+00
1.000000000000000000e+00,2.025061276140560196e+00
1.000000000000000000e+00,2.016532221403223968e+00
1.000000000000000000e+00,2.008857817750192343e+00
1.000000000000000000e+00,2.004582030785378777e+00
1.000000000000000000e+00,1.948270613166555254e+00
1.000000000000000000e+00,1.928789500909483312e+00
1.000000000000000000e+00,1.870834152461953170e+00
-1.000000000000000000e+00,1.850393694010054269e+00
-1.000000000000000000e+00,4.694244261615585501e-01
-1.000000000000000000e+00,-5.000857225469723666e-01
-1.000000000000000000e+00,-1.153688333415243683e+00
-1.000000000000000000e+00,-1.647096288856231716e+00
-1.000000000000000000e+00,-2.005929899558127172e+00
-1.000000000000000000e+00,-2.209032695319419481e+00
-1.000000000000000000e+00,-2.381688176691564962e+00
-1.000000000000000000e+00,-2.490733439379467562e+00
-1.000000000000000000e+00,-2.591279535420397018e+00
-1.000000000000000000e+00,-2.671182691701084799e+00
-1.000000000000000000e+00,-2.751220864375721220e+00
-1.000000000000000000e+00,-2.771900138620173593e+00
-1.000000000000000000e+00,-2.818996905444310919e+00
-1.000000000000000000e+00,-2.865792369847003140e+00
1.000000000000000000e+00,-2.887324543776136121e+00
1.000000000000000000e+00,-1.459498789750620862e+00
1.000000000000000000e+00,-5.462674551447345150e-01
1.000000000000000000e+00,1.185865687207018349e-01
1.000000000000000000e+00,5.594400130008748695e-01
1.000000000000000000e+00,8.829117007074313017e-01
1.000000000000000000e+00,1.091043321516075082e+00
1.000000000000000000e+00,1.232425832360399376e+00
1.000000000000000000e+00,1.353219231693945757e+00
1.000000000000000000e+00,1.455912713751492671e+00
1.000000000000000000e+00,1.510670524883585220e+00
1.000000000000000000e+00,1.518422906956349294e+00
1.000000000000000000e+00,1.527654392417538531e+00
1.000000000000000000e+00,1.591323334480152951e+00
1.000000000000000000e+00,1.580995245495194990e+00
1.000000000000000000e+00,1.571445260715822245e+00
1.000000000000000000e+00,1.522200593499371646e+00
1.000000000000000000e+00,1.512989467474734395e+00
1.000000000000000000e+00,1.464381920565025474e+00
1.000000000000000000e+00,1.457810169766635022e+00
1.000000000000000000e+00,1.439524829763866087e+00
1.000000000000000000e+00,1.386496117433693387e+00
1.000000000000000000e+00,1.408572555111802016e+00
1.000000000000000000e+00,1.423778483420885532e+00
1.000000000000000000e+00,1.399553963132458279e+00
1.000000000000000000e+00,1.359589649503835318e+00
1.000000000000000000e+00,1.330352966850365304e+00
-1.000000000000000000e+00,1.303986780007246216e+00
-1.000000000000000000e+00,-8.655509632100744088e-02
-1.000000000000000000e+00,-1.048857659358092720e+00
-1.000000000000000000e+00,-1.689793602067151346e+00
-1.000000000000000000e+00,-2.228212913289130181e+00
-1.000000000000000000e+00,-2.554247997239346368e+00
-1.000000000000000000e+00,-2.752384731727175016e+00
-1.000000000000000000e+00,-2.878894539457219182e+00
-1.000000000000000000e+00,-2.969094029231922782e+00
-1.000000000000000000e+00,-3.049175546347571153e+00
-1.000000000000000000e+00,-3.060350561141327752e+00
-1.000000000000000000e+00,-3.103060704746673171e+00
-1.000000000000000000e+00,-3.128709445829510383e+00
-1.000000000000000000e+00,-3.161925233787065803e+00
-1.000000000000000000e+00,-3.139725599150511748e+00
-1.000000000000000000e+00,-3.137344971143547046e+00
-1.000000000000000000e+00,-3.199951359432384734e+00
-1.000000000000000000e+00,-3.199644899738071313e+00
-1.000000000000000000e+00,-3.195387782523630094e+00
-1.000000000000000000e+00,-3.226984978267698256e+00
-1.000000000000000000e+00,-3.207102102899844098e+00
-1.000000000000000000e+00,-3.185269728742080808e+00
-1.000000000000000000e+00,-3.143787373486425896e+00
-1.000000000000000000e+00,-3.100076321396134205e+00
-1.000000000000000000e+00,-3.068712893984677059e+00
-1.000000000000000000e+00,-3.052776237444637442e+00
-1.000000000000000000e+00,-3.082982590231466702e+00
-1.000000000000000000e+00,-3.151560571713245995e+00
-1.000000000000000000e+00,-3.158435754225675574e+00
-1.000000000000000000e+00,-3.173708873721271750e+00
-1.000000000000000000e+00,-3.128215606071006238e+00
-1.000000000000000000e+00,-3.162092342144407819e+00
-1.000000000000000000e+00,-3.173305108207334690e+00
-1.000000000000000000e+00,-3.081083309776803336e+00
-1.000000000000000000e+00,-3.069591765939546413e+00
-1.000000000000000000e+00,-3.089470847849959068e+00
1.000000000000000000e+00,-3.108996377350128792e+00
1.000000000000000000e+00,-1.735478741187467921e+00
1.000000000000000000e+00,-7.694853589190723264e-01
1.000000000000000000e+00,-6.868227092671241873e-02
1.000000000000000000e+00,4.624736524194635878e-01
1.000000000000000000e+00,8.240027954866715465e-01
1.000000000000000000e+00,1.069286206212851198e+00
1.000000000000000000e+00,1.217847654905511279e+00
1.000000000000000000e+00,1.358661427679516365e+00
-1.000000000000000000e+00,1.429591956699395539e+00
-1.000000000000000000e+00,9.412576656726079349e-02
-1.000000000000000000e+00,-8.182796195097439274e-01
-1.000000000000000000e+00,-1.470576789491589098e+00
-1.000000000000000000e+00,-1.910574173210682458e+00
-1.000000000000000000e+00,-2.227903380597711980e+00
-1.000000000000000000e+00,-2.438592494827845236e+00
-1.000000000000000000e+00,-2.662475951833052967e+00
-1.000000000000000000e+00,-2.770751580018175453e+00
-1.000000000000000000e+00,-2.845384411310736272e+00
-1.000000000000000000e+00,-2.877365248631449379e+00
-1.000000000000000000e+00,-2.863401406893517187e+00
-1.000000000000000000e+00,-2.878655741379389177e+00
-1.000000000000000000e+00,-2.926321111970257682e+00
-1.000000000000000000e+00,-2.860401945204994689e+00
-1.000000000000000000e+00,-2.919467045290864426e+00
-1.000000000000000000e+00,-2.945149727432090359e+00
-1.000000000000000000e+00,-2.955805485974497770e+00
-1.000000000000000000e+00,-2.963416322559839333e+00
-1.000000000000000000e+00,-2.943584969150968345e+00
-1.000000000000000000e+00,-2.927360899514966697e+00
-1.000000000000000000e+00,-2.866680022487072321e+00
-1.000000000000000000e+00,-2.881369755631588259e+00
-1.000000000000000000e+00,-2.876381335738602996e+00
-1.000000000000000000e+00,-2.888345154169964957e+00
-1.000000000000000000e+00,-2.888529417491127127e+00
-1.000000000000000000e+00,-2.906017912222431221e+00
-1.000000000000000000e+00,-2.915914929652053011e+00
-1.000000000000000000e+00,-2.901585915185758147e+00
-1.000000000000000000e+00,-2.907562809508198232e+00
1.000000000000000000e+00,-2.889687922988860791e+00
1.000000000000000000e+00,-1.505617279567042388e+00
1.000000000000000000e+00,-5.772132384249535342e-01
1.000000000000000000e+00,6.012068351182231485e-02
1.000000000000000000e+00,5.221123697365641636e-01
1.000000000000000000e+00,8.879965077931176731e-01
1.000000000000000000e+00,1.118667689813378718e+00
1.000000000000000000e+00,1.299974587567072515e+00
1.000000000000000000e+00,1.388651032543695818e+00
1.000000000000000000e+00,1.468388953173530798e+00
1.000000000000000000e+00,1.520770840431153292e+00
1.000000000000000000e+00,1.545539004563966312e+00
1.000000000000000000e+00,1.568823032388089400e+00
1.000000000000000000e+00,1.548105269641815385e+00
1.000000000000000000e+00,1.525993260760332593e+00
1.000000000000000000e+00,1.564678935291979212e+00
1.000000000000000000e+00,1.660303803886350682e+00
1.000000000000000000e+00,1.667643726282024730e+00
1.000000000000000000e+00,1.688393446402246756e+00
1.000000000000000000e+00,1.668543065930548686e+00
1.000000000000000000e+00,1.605760317998659037e+00
1.000000000000000000e+00,1.637014644714477107e+00
1.000000000000000000e+00,1.649818358520165784e+00
1.000000000000000000e+00,1.625079955377070728e+00
1.000000000000000000e+00,1.676640464441438994e+00
1.000000000000000000e+00,1.667895514210222530e+00
1.000000000000000000e+00,1.642980174589915521e+00
1.000000000000000000e+00,1.590391036233180344e+00
1.000000000000000000e+00,1.550960842212096846e+00
1.000000000000000000e+00,1.524518627398296911e+00
1.000000000000000000e+00,1.557346062563532918e+00
1.000000000000000000e+00,1.564861357149959442e+00
1.000000000000000000e+00,1.565887769844331423e+00
1.000000000000000000e+00,1.550424097700922488e+00
1.000000000000000000e+00,1.568050009281713120e+00
1.000000000000000000e+00,1.610529381897890744e+00
1.000000000000000000e+00,1.604737518502956650e+00
1.000000000000000000e+00,1.576772719676596601e+00
1.000000000000000000e+00,1.571433334852148977e+00
1.000000000000000000e+00,1.563981751717200996e+00
1.000000000000000000e+00,1.531226616203492652e+00
1.000000000000000000e+00,1.578784646279793868e+00
1.000000000000000000e+00,1.617548141780304816e+00
1.000000000000000000e+00,1.618892322571853004e+00
1.000000000000000000e+00,1.576289886556328845e+00
1.000000000000000000e+00,1.588054748156926710e+00
1.000000000000000000e+00,1.560184135050191045e+00
1.000000000000000000e+00,1.536390116641428660e+00
1.000000000000000000e+00,1.557081709673928449e+00
1.000000000000000000e+00,1.526018850049372322e+00
1.000000000000000000e+00,1.480390471318375756e+00
1.000000000000000000e+00,1.494046454489807108e+00
1.000000000000000000e+00,1.529952511025869377e+00
1.000000000000000000e+00,1.540788704388270425e+00
1.000000000000000000e+00,1.548561000447079339e+00
1.000000000000000000e+00,1.547267761996261370e+00
1.000000000000000000e+00,1.563028856083107820e+00
1.000000000000000000e+00,1.540845959661105269e+00
1.000000000000000000e+00,1.538160648702872724e+00
1.000000000000000000e+00,1.547116464143149850e+00
1.000000000000000000e+00,1.546301713739706596e+00
1.000000000000000000e+00,1.520608915022613861e+00
1.000000000000000000e+00,1.498031941277736756e+00
1.000000000000000000e+00,1.508898682493492238e+00
1.000000000000000000e+00,1.540942121207313331e+00
1.000000000000000000e+00,1.510959432836940008e+00
1.000000000000000000e+00,1.538724883416290101e+00
1.000000000000000000e+00,1.517404253651753354e+00
1.000000000000000000e+00,1.528393837300943581e+00
1.000000000000000000e+00,1.544202208546313182e+00
1.000000000000000000e+00,1.484653616255608544e+00
1.000000000000000000e+00,1.499269051742738057e+00
1.000000000000000000e+00,1.467346691978070883e+00
1.000000000000000000e+00,1.474119748561420140e+00
1.000000000000000000e+00,1.491660061900957457e+00
1.000000000000000000e+00,1.480164189315085865e+00
1.000000000000000000e+00,1.467190713959412474e+00
1.000000000000000000e+00,1.500958634956271132e+00
1.000000000000000000e+00,1.434702870545868869e+00
1.000000000000000000e+00,1.387576102295729807e+00
1.000000000000000000e+00,1.333447642652410003e+00
1.000000000000000000e+00,1.314802243388286218e+00
1.000000000000000000e+00,1.327718913142365675e+00
1.000000000000000000e+00,1.316210922089998459e+00
1.000000000000000000e+00,1.318730022336220165e+00
1.000000000000000000e+00,1.365662878184550344e+00
1.000000000000000000e+00,1.404393608416510286e+00
1.000000000000000000e+00,1.425459328604128828e+00
1.000000000000000000e+00,1.493240124129935120e+00
1.000000000000000000e+00,1.518712386117355040e+00
1.000000000000000000e+00,1.530034271229973264e+00
1.000000000000000000e+00,1.520190858748546869e+00
1.000000000000000000e+00,1.516015887120764738e+00
1.000000000000000000e+00,1.524748952406451918e+00
1.000000000000000000e+00,1.542087773588466160e+00
1.000000000000000000e+00,1.538435046825768593e+00
1.000000000000000000e+00,1.524480175683668781e+00
1.000000000000000000e+00,1.487649108253199515e+00
1.000000000000000000e+00,1.478772848577547094e+00
1.000000000000000000e+00,1.465263523443575355e+00
1.000000000000000000e+00,1.474129259854764840e+00
1.000000000000000000e+00,1.438969377483530154e+00
1.000000000000000000e+00,1.406638491247073741e+00
1.000000000000000000e+00,1.428461955079777024e+00
1.000000000000000000e+00,1.453875501075436283e+00
1.000000000000000000e+00,1.443239042973813779e+00
1.000000000000000000e+00,1.401870194543982429e+00
1.000000000000000000e+00,1.385042156140465108e+00
1.000000000000000000e+00,1.354778994919668689e+00
1.000000000000000000e+00,1.309948341601249178e+00
1.000000000000000000e+00,1.306581052858770464e+00
1.000000000000000000e+00,1.263975605528561585e+00
1.000000000000000000e+00,1.297923358898230850e+00
1.000000000000000000e+00,1.315266576716385361e+00
1.000000000000000000e+00,1.287603077404714469e+00
1.000000000000000000e+00,1.306015644903882889e+00
1.000000000000000000e+00,1.309396446902767019e+00
1.000000000000000000e+00,1.297203043656086408e+00
1.000000000000000000e+00,1.310379745828285980e+00
1.000000000000000000e+00,1.297566618947098904e+00
1.000000000000000000e+00,1.348050094400101484e+00
1.000000000000000000e+00,1.328829109548266496e+00
1.000000000000000000e+00,1.302471264077523561e+00
1.000000000000000000e+00,1.286096738249402849e+00
1.000000000000000000e+00,1.252605483945931297e+00
1.000000000000000000e+00,1.278581850066301984e+00
1.000000000000000000e+00,1.257449546989344524e+00
1.000000000000000000e+00,1.248544555942285861e+00
1.000000000000000000e+00,1.258028750192255796e+00
1.000000000000000000e+00,1.270021693727088730e+00
1.000000000000000000e+00,1.303748921975988795e+00
1.000000000000000000e+00,1.276442801586647802e+00
-1.000000000000000000e+00,1.262879005419508704e+00
-1.000000000000000000e+00,-1.670838730976118569e-01
-1.000000000000000000e+00,-1.174178888418986322e+00
-1.000000000000000000e+00,-1.888696505349392263e+00
-1.000000000000000000e+00,-2.313234205530663168e+00
-1.000000000000000000e+00,-2.615417987154253332e+00
-1.000000000000000000e+00,-2.878602318194400933e+00
-1.000000000000000000e+00,-3.071308564214856318e+00
-1.000000000000000000e+00,-3.207463757853490804e+00
-1.000000000000000000e+00,-3.278594756767956753e+00
-1.000000000000000000e+00,-3.341041891058522673e+00
-1.000000000000000000e+00,-3.346939899713520017e+00
-1.000000000000000000e+00,-3.343337873311112318e+00
-1.000000000000000000e+00,-3.306027002158485661e+00
-1.000000000000000000e+00,-3.347298953037575409e+00
-1.000000000000000000e+00,-3.330838921615428383e+00
-1.000000000000000000e+00,-3.356294552475795445e+00
-1.000000000000000000e+00,-3.364426397096354826e+00
-1.000000000000000000e+00,-3.383804922883148159e+00
-1.000000000000000000e+00,-3.430544862552660668e+00
-1.000000000000000000e+00,-3.448632401785964863e+00
-1.000000000000000000e+00,-3.460709135284907756e+00
-1.000000000000000000e+00,-3.457584779933426944e+00
-1.000000000000000000e+00,-3.495432658276155902e+00
-1.000000000000000000e+00,-3.439728472544078208e+00
-1.000000000000000000e+00,-3.453550396632365960e+00
-1.000000000000000000e+00,-3.454901547332693834e+00
-1.000000000000000000e+00,-3.448308791836274256e+00
-1.000000000000000000e+00,-3.468872854478319390e+00
-1.000000000000000000e+00,-3.498581674374968031e+00
-1.000000000000000000e+00,-3.486844377632180247e+00
-1.000000000000000000e+00,-3.503877266839833915e+00
-1.000000000000000000e+00,-3.537215584514370459e+00
-1.000000000000000000e+00,-3.544142057617412078e+00
-1.000000000000000000e+00,-3.553513338738449434e+00
-1.000000000000000000e+00,-3.526806837527311167e+00
-1.000000000000000000e+00,-3.512189064178213194e+00
-1.000000000000000000e+00,-3.507124937005978271e+00
-1.000000000000000000e+00,-3.498540921153205918e+00
-1.000000000000000000e+00,-3.418476738206190468e+00
-1.000000000000000000e+00,-3.345785416860364236e+00
-1.000000000000000000e+00,-3.344958569540252391e+00
-1.000000000000000000e+00,-3.379605876934866693e+00
-1.000000000000000000e+00,-3.356125468894163966e+00
-1.000000000000000000e+00,-3.344206147975358423e+00
1.000000000000000000e+00,-3.377178031876767683e+00
1.000000000000000000e+00,-1.960362423367595586e+00
1.000000000000000000e+00,-9.477831270569089250e-01
1.000000000000000000e+00,-1.963783168680766078e-01
1.000000000000000000e+00,2.858591057758097520e-01
1.000000000000000000e+00,5.997678009105812391e-01
1.000000000000000000e+00,8.882888820453116452e-01
1.000000000000000000e+00,1.070426210263232480e+00
1.000000000000000000e+00,1.181149382918077251e+00
1.000000000000000000e+00,1.276699534948179782e+00
1.000000000000000000e+00,1.332480179449117230e+00
1.000000000000000000e+00,1.372028184157522812e+00
1.000000000000000000e+00,1.377905259320327591e+00
1.000000000000000000e+00,1.378291417974853772e+00
1.000000000000000000e+00,1.379614976246445801e+00
1.000000000000000000e+00,1.381031543347154722e+00
1.000000000000000000e+00,1.386531617107008341e+00
1.000000000000000000e+00,1.383903611665901590e+00
1.000000000000000000e+00,1.343307390896841813e+00
1.000000000000000000e+00,1.363247447454955186e+00
1.000000000000000000e+00,1.357179790154775301e+00
-1.000000000000000000e+00,1.327941358687119600e+00
-1.000000000000000000e+00,-1.120420768359023933e-01
-1.000000000000000000e+00,-1.139731076122811215e+00
-1.000000000000000000e+00,-1.787038122288396647e+00
-1.000000000000000000e+00,-2.225673582085062385e+00
-1.000000000000000000e+00,-2.543558885149035387e+00
-1.000000000000000000e+00,-2.774332823002261250e+00
-1.000000000000000000e+00,-2.894000220385402500e+00
-1.000000000000000000e+00,-3.029026100417795409e+00
-1.000000000000000000e+00,-3.138680833833156658e+00
-1.000000000000000000e+00,-3.210132547087759303e+00
-1.000000000000000000e+00,-3.176274168547466914e+00
-1.000000000000000000e+00,-3.147844769164846568e+00
-1.000000000000000000e+00,-3.157117821181719464e+00
-1.000000000000000000e+00,-3.141186434923713744e+00
-1.000000000000000000e+00,-3.160401443949534261e+00
-1.000000000000000000e+00,-3.154121410906589595e+00
-1.000000000000000000e+00,-3.175291810920880753e+00
-1.000000000000000000e+00,-3.150809655785733021e+00
-1.000000000000000000e+00,-3.129062651364374226e+00
-1.000000000000000000e+00,-3.069507081080575350e+00
-1.000000000000000000e+00,-3.053919271752024045e+00
-1.000000000000000000e+00,-3.058543539897186303e+00
-1.000000000000000000e+00,-3.012951075149797209e+00
-1.000000000000000000e+00,-3.025154764554529585e+00
-1.000000000000000000e+00,-3.048030131268047782e+00
-1.000000000000000000e+00,-3.016232493275813997e+00
-1.000000000000000000e+00,-3.031205692528847084e+00
-1.000000000000000000e+00,-3.023039781446390073e+00
-1.000000000000000000e+00,-3.045556646175266113e+00
-1.000000000000000000e+00,-3.046972589239798967e+00
-1.000000000000000000e+00,-3.062483271184169631e+00
-1.000000000000000000e+00,-3.077515725690760373e+00
-1.000000000000000000e+00,-3.040824828961976145e+00
-1.000000000000000000e+00,-3.070107582764501686e+00
-1.000000000000000000e+00,-3.095635490191818384e+00
-1.000000000000000000e+00,-3.103899515105755569e+00
-1.000000000000000000e+00,-3.071263151936185931e+00
-1.000000000000000000e+00,-3.045887896260822014e+00
-1.000000000000000000e+00,-3.000522297826157647e+00
-1.000000000000000000e+00,-2.998689368779233977e+00
-1.000000000000000000e+00,-3.006097192542448227e+00
-1.000000000000000000e+00,-2.988496106083794679e+00
-1.000000000000000000e+00,-2.997644012612663555e+00
-1.000000000000000000e+00,-2.978133860906007513e+00
1.000000000000000000e+00,-2.983891856483957383e+00
1.000000000000000000e+00,-1.542846548859581279e+00
1.000000000000000000e+00,-5.283506454026490884e-01
1.000000000000000000e+00,2.263404643161588403e-01
1.000000000000000000e+00,7.000162558504274823e-01
1.000000000000000000e+00,1.045522409642131167e+00
1.000000000000000000e+00,1.278809880807626254e+00
1.000000000000000000e+00,1.444545936682420262e+00
1.000000000000000000e+00,1.601942847545016591e+00
1.000000000000000000e+00,1.704398521156178292e+00
1.000000000000000000e+00,1.735403630052902324e+00
1.000000000000000000e+00,1.761084746381713195e+00
1.000000000000000000e+00,1.753565652342840675e+00
1.000000000000000000e+00,1.689744035453052184e+00
1.000000000000000000e+00,1.594915685402747751e+00
1.000000000000000000e+00,1.527641247726765350e+00
1.000000000000000000e+00,1.579773119065316589e+00
1.000000000000000000e+00,1.594398328716378099e+00
1.000000000000000000e+00,1.577955159130393747e+00
1.000000000000000000e+00,1.553880651748675401e+00
1.000000000000000000e+00,1.589722237373271341e+00
1.000000000000000000e+00,1.607876766207644526e+00
1.000000000000000000e+00,1.636292653675946562e+00
1.000000000000000000e+00,1.638804131991588253e+00
1.000000000000000000e+00,1.615751169867530868e+00
1.000000000000000000e+00,1.661287638459132410e+00
1.000000000000000000e+00,1.709594096740748803e+00
1.000000000000000000e+00,1.743942142067858692e+00
1.000000000000000000e+00,1.787509623178236362e+00
1.000000000000000000e+00,1.828232246585109522e+00
1.000000000000000000e+00,1.850741283560952688e+00
1.000000000000000000e+00,1.805381663550189142e+00
1.000000000000000000e+00,1.780190134926927126e+00
1.000000000000000000e+00,1.796149598349530585e+00
1.000000000000000000e+00,1.798854340841897326e+00
1.000000000000000000e+00,1.777855216482808753e+00
-1.000000000000000000e+00,1.745800527384365530e+00
-1.000000000000000000e+00,3.534231942662238168e-01
-1.000000000000000000e+00,-5.947210859511524728e-01
-1.000000000000000000e+00,-1.258278285244286643e+00
-1.000000000000000000e+00,-1.745049812587206706e+00
-1.000000000000000000e+00,-2.075038024753225852e+00
-1.000000000000000000e+00,-2.286742667192303458e+00
-1.000000000000000000e+00,-2.445735221626538003e+00
-1.000000000000000000e+00,-2.550511437934869008e+00
-1.000000000000000000e+00,-2.641862056928237390e+00
-1.000000000000000000e+00,-2.677284669989083543e+00
-1.000000000000000000e+00,-2.716696077318101032e+00
-1.000000000000000000e+00,-2.730973756337093938e+00
-1.000000000000000000e+00,-2.709031222455187571e+00
-1.000000000000000000e+00,-2.694281818935859718e+00
-1.000000000000000000e+00,-2.699470885715546498e+00
-1.000000000000000000e+00,-2.725071587808332474e+00
-1.000000000000000000e+00,-2.729344895019707451e+00
-1.000000000000000000e+00,-2.688604692332225099e+00
-1.000000000000000000e+00,-2.718514808843946362e+00
-1.000000000000000000e+00,-2.734785336587654658e+00
-1.000000000000000000e+00,-2.748539295699389928e+00
-1.000000000000000000e+00,-2.774300654963592905e+00
-1.000000000000000000e+00,-2.805366515272358363e+00
-1.000000000000000000e+00,-2.853348663269843488e+00
-1.000000000000000000e+00,-2.855585965071568033e+00
-1.000000000000000000e+00,-2.855932282283688117e+00
-1.000000000000000000e+00,-2.906497251782914404e+00
-1.000000000000000000e+00,-2.965528779688751726e+00
-1.000000000000000000e+00,-2.963719681512399617e+00
1.000000000000000000e+00,-3.014484061738435638e+00
1.000000000000000000e+00,-1.612654042742005522e+00
1.000000000000000000e+00,-6.067975636512137338e-01
1.000000000000000000e+00,1.029495637320407830e-01
1.000000000000000000e+00,6.287542741546310321e-01
1.000000000000000000e+00,9.560294473039646634e-01
1.000000000000000000e+00,1.153293316662768353e+00
1.000000000000000000e+00,1.252445868150301234e+00
1.000000000000000000e+00,1.373220148935096585e+00
-1.000000000000000000e+00,1.458817680450798626e+00
-1.000000000000000000e+00,1.488283201165186975e-01
-1.000000000000000000e+00,-7.269440386078865890e-01
-1.000000000000000000e+00,-1.365409521854999086e+00
-1.000000000000000000e+00,-1.750906005185646208e+00
-1.000000000000000000e+00,-2.052963035889618926e+00
-1.000000000000000000e+00,-2.275918564681101319e+00
-1.000000000000000000e+00,-2.423029977697592763e+00
-1.000000000000000000e+00,-2.508535337152770328e+00
1.000000000000000000e+00,-2.568318740059265082e+00
1.000000000000000000e+00,-1.213511516007426350e+00
1.000000000000000000e+00,-2.963470382669366465e-01
1.000000000000000000e+00,3.646088100827357126e-01
1.000000000000000000e+00,8.259702461819014019e-01
1.000000000000000000e+00,1.145949196230016121e+00
1.000000000000000000e+00,1.344639891756116645e+00
1.000000000000000000e+00,1.497397514025836429e+00
1.000000000000000000e+00,1.595470405500871935e+00
1.000000000000000000e+00,1.686504718399199465e+00
1.000000000000000000e+00,1.753459186669665382e+00
1.000000000000000000e+00,1.786597404046493143e+00
-1.000000000000000000e+00,1.830798924842844233e+00
-1.000000000000000000e+00,4.881481951156974586e-01
-1.000000000000000000e+00,-4.837747837867985012e-01
-1.000000000000000000e+00,-1.196544456970440429e+00
-1.000000000000000000e+00,-1.680816367043704407e+00
-1.000000000000000000e+00,-2.077679324748520351e+00
-1.000000000000000000e+00,-2.345070416911745337e+00
-1.000000000000000000e+00,-2.521729214091489535e+00
-1.000000000000000000e+00,-2.657993298566144524e+00
-1.000000000000000000e+00,-2.740093868373041808e+00
-1.000000000000000000e+00,-2.783023885370744299e+00
-1.000000000000000000e+00,-2.826359988658744271e+00
-1.000000000000000000e+00,-2.864466699786449411e+00
-1.000000000000000000e+00,-2.900333567456425676e+00
-1.000000000000000000e+00,-2.931762545124121822e+00
-1.000000000000000000e+00,-2.950242645855556400e+00
-1.000000000000000000e+00,-2.951403761551057325e+00
-1.000000000000000000e+00,-2.977761460208832034e+00
1.000000000000000000e+00,-2.992123580543134764e+00
1.000000000000000000e+00,-1.607730305239402080e+00
1.000000000000000000e+00,-5.871259446885516153e-01
1.000000000000000000e+00,1.509985583585148339e-01
1.000000000000000000e+00,5.748853557962865235e-01
1.000000000000000000e+00,8.936697352232689795e-01
1.000000000000000000e+00,1.114235100766180597e+00
1.000000000000000000e+00,1.257016688471424670e+00
1.000000000000000000e+00,1.355422719401008891e+00
-1.000000000000000000e+00,1.431148273422871320e+00
-1.000000000000000000e+00,8.852749690044603437e-02
-1.000000000000000000e+00,-8.486018288357483064e-01
-1.000000000000000000e+00,-1.499991310639538167e+00
-1.000000000000000000e+00,-1.966867030245830428e+00
-1.000000000000000000e+00,-2.283302007383256615e+00
-1.000000000000000000e+00,-2.548835480538977460e+00
-1.000000000000000000e+00,-2.747548565357241124e+00
-1.000000000000000000e+00,-2.834464510951928862e+00
-1.000000000000000000e+00,-2.883782304068415403e+00
-1.000000000000000000e+00,-2.956004065945780468e+00
-1.000000000000000000e+00,-2.990919984817490107e+00
-1.000000000000000000e+00,-3.008794829218063960e+00
-1.000000000000000000e+00,-3.039904525427227000e+00
-1.000000000000000000e+00,-3.077342618610836134e+00
-1.000000000000000000e+00,-3.105981590070409304e+00
-1.000000000000000000e+00,-3.149986005441708592e+00
-1.000000000000000000e+00,-3.126759075171844593e+00
-1.000000000000000000e+00,-3.112399060043608667e+00
-1.000000000000000000e+00,-3.123646111159809724e+00
-1.000000000000000000e+00,-3.137307519848310022e+00
1.000000000000000000e+00,-3.147018720864796393e+00
1.000000000000000000e+00,-1.703678627650418553e+00
1.000000000000000000e+00,-7.146816314299022643e-01
-1.000000000000000000e+00,-5.414483448075591010e-02
-1.000000000000000000e+00,-9.696658263367204933e-01
-1.000000000000000000e+00,-1.632561388890873655e+00
-1.000000000000000000e+00,-2.044832304512383736e+00
-1.000000000000000000e+00,-2.329292042780811922e+00
-1.000000000000000000e+00,-2.512650854379993248e+00
-1.000000000000000000e+00,-2.622779548377784486e+00
-1.000000000000000000e+00,-2.817947566413164573e+00
-1.000000000000000000e+00,-2.903667458685079694e+00
-1.000000000000000000e+00,-2.979235192905294927e+00
-1.000000000000000000e+00,-2.988177364468551200e+00
-1.000000000000000000e+00,-2.993960353827887833e+00
-1.000000000000000000e+00,-2.989639165295262746e+00
-1.000000000000000000e+00,-2.939682715941365210e+00
-1.000000000000000000e+00,-2.947586879315253761e+00
-1.000000000000000000e+00,-2.955699511959693382e+00
-1.000000000000000000e+00,-2.975707279368619673e+00
-1.000000000000000000e+00,-2.957597664213786448e+00
-1.000000000000000000e+00,-2.976143006248178402e+00
-1.000000000000000000e+00,-3.043674754027291485e+00
-1.000000000000000000e+00,-3.104483292622172819e+00
-1.000000000000000000e+00,-3.109095972367367899e+00
-1.000000000000000000e+00,-3.086693093684913514e+00
-1.000000000000000000e+00,-3.082541245963921650e+00
-1.000000000000000000e+00,-3.074909729240566492e+00
-1.000000000000000000e+00,-3.114692707752816148e+00
-1.000000000000000000e+00,-3.123324569258747019e+00
-1.000000000000000000e+00,-3.111383775805445229e+00
-1.000000000000000000e+00,-3.113035449928406972e+00
-1.000000000000000000e+00,-3.113203729723788005e+00
-1.000000000000000000e+00,-3.101664318425012556e+00
-1.000000000000000000e+00,-3.105744297051494573e+00
-1.000000000000000000e+00,-3.137256078532570491e+00
-1.000000000000000000e+00,-3.213761456372482783e+00
-1.000000000000000000e+00,-3.184675885913025972e+00
-1.000000000000000000e+00,-3.196830080612754976e+00
-1.000000000000000000e+00,-3.191296145980630605e+00
-1.000000000000000000e+00,-3.263971085111835979e+00
-1.000000000000000000e+00,-3.274130458149171918e+00
-1.000000000000000000e+00,-3.285121676748376629e+00
-1.000000000000000000e+00,-3.273956289423952892e+00
-1.000000000000000000e+00,-3.270755072013640241e+00
-1.000000000000000000e+00,-3.280696064514902588e+00
-1.000000000000000000e+00,-3.257276759391699805e+00
-1.000000000000000000e+00,-3.209029087302635475e+00
-1.000000000000000000e+00,-3.234045925297281077e+00
-1.000000000000000000e+00,-3.172954326532235747e+00
-1.000000000000000000e+00,-3.211027356389466014e+00
-1.000000000000000000e+00,-3.169050160852322939e+00
-1.000000000000000000e+00,-3.134185938858210285e+00
-1.000000000000000000e+00,-3.114598402325703841e+00
-1.000000000000000000e+00,-3.151799059868298336e+00
-1.000000000000000000e+00,-3.180999393233339134e+00
-1.000000000000000000e+00,-3.158945862113449632e+00
-1.000000000000000000e+00,-3.102986419129364126e+00
-1.000000000000000000e+00,-3.097666942252818689e+00
-1.000000000000000000e+00,-3.076517274904674970e+00
-1.000000000000000000e+00,-3.155189202031226436e+00
-1.000000000000000000e+00,-3.190600706035541023e+00
-1.000000000000000000e+00,-3.198793152121067962e+00
-1.000000000000000000e+00,-3.217323785217641952e+00
-1.000000000000000000e+00,-3.228259934733643810e+00
-1.000000000000000000e+00,-3.234519490135022934e+00
-1.000000000000000000e+00,-3.188467905199647845e+00
-1.000000000000000000e+00,-3.136581082728710612e+00
-1.000000000000000000e+00,-3.141387996615822686e+00
-1.000000000000000000e+00,-3.171177679656068005e+00
-1.000000000000000000e+00,-3.124908411958068122e+00
-1.000000000000000000e+00,-3.117214016971399992e+00
-1.000000000000000000e+00,-3.148481222352232045e+00
-1.000000000000000000e+00,-3.164777693177676543e+00
-1.000000000000000000e+00,-3.206400557397396600e+00
1.000000000000000000e+00,-3.225240363138727862e+00
1.000000000000000000e+00,-1.811143649837100522e+00
1.000000000000000000e+00,-8.420241324218892265e-01
1.000000000000000000e+00,-1.601386426683187869e-01
1.000000000000000000e+00,3.272009059639792161e-01
1.000000000000000000e+00,6.670399213603995792e-01
1.000000000000000000e+00,8.873959912870859057e-01
1.000000000000000000e+00,1.039930362026000754e+00
1.000000000000000000e+00,1.119923823379061156e+00
-1.000000000000000000e+00,1.127852833658796738e+00
-1.000000000000000000e+00,-2.158037038698669141e-01
-1.000000000000000000e+00,-1.173748326015124022e+00
-1.000000000000000000e+00,-1.868489732352147215e+00
-1.000000000000000000e+00,-2.385923433836433460e+00
-1.000000000000000000e+00,-2.750916045045296077e+00
-1.000000000000000000e+00,-3.014742296119490739e+00
-1.000000000000000000e+00,-3.232926024993459713e+00
-1.000000000000000000e+00,-3.402410431568084537e+00
-1.000000000000000000e+00,-3.436799358629126999e+00
-1.000000000000000000e+00,-3.478420573120047710e+00
-1.000000000000000000e+00,-3.500164202392993751e+00
-1.000000000000000000e+00,-3.508621003027553087e+00
-1.000000000000000000e+00,-3.554094746933296189e+00
-1.000000000000000000e+00,-3.561362096508065456e+00
-1.000000000000000000e+00,-3.556719851806229737e+00
-1.000000000000000000e+00,-3.589690441181207614e+00
-1.000000000000000000e+00,-3.640296567593401811e+00
-1.000000000000000000e+00,-3.629914198154462035e+00
-1.000000000000000000e+00,-3.645268429904955809e+00
-1.000000000000000000e+00,-3.694932365502305860e+00
-1.000000000000000000e+00,-3.680741704240968470e+00
-1.000000000000000000e+00,-3.679705071493110768e+00
-1.000000000000000000e+00,-3.714529997463268618e+00
-1.000000000000000000e+00,-3.687588225991818014e+00
-1.000000000000000000e+00,-3.692099339007771874e+00
-1.000000000000000000e+00,-3.648137962078410013e+00
-1.000000000000000000e+00,-3.587736779556873756e+00
-1.000000000000000000e+00,-3.546148070371238248e+00
-1.000000000000000000e+00,-3.537657276314529309e+00
-1.000000000000000000e+00,-3.596395196148458595e+00
-1.000000000000000000e+00,-3.611616603651648383e+00
-1.000000000000000000e+00,-3.612966314197991302e+00
-1.000000000000000000e+00,-3.597838251577523128e+00
-1.000000000000000000e+00,-3.578909770964102677e+00
-1.000000000000000000e+00,-3.577097349078970367e+00
-1.000000000000000000e+00,-3.562804736127078264e+00
-1.000000000000000000e+00,-3.642814599060901326e+00
-1.000000000000000000e+00,-3.662546353394730225e+00
-1.000000000000000000e+00,-3.626530030640317648e+00
-1.000000000000000000e+00,-3.618012981412471518e+00
-1.000000000000000000e+00,-3.583630137291012652e+00
-1.000000000000000000e+00,-3.532484876208574320e+00
-1.000000000000000000e+00,-3.480486357136761022e+00
-1.000000000000000000e+00,-3.451365022480651135e+00
-1.000000000000000000e+00,-3.460825540642961329e+00
-1.000000000000000000e+00,-3.453646425379165663e+00
-1.000000000000000000e+00,-3.427528253207624331e+00
-1.000000000000000000e+00,-3.406533153229557520e+00
-1.000000000000000000e+00,-3.399060363893497971e+00
-1.000000000000000000e+00,-3.365480607603042351e+00
-1.000000000000000000e+00,-3.383691070918300348e+00
-1.000000000000000000e+00,-3.366419573214177063e+00
-1.000000000000000000e+00,-3.376870296055970222e+00
1.000000000000000000e+00,-3.359047071746135593e+00
1.000000000000000000e+00,-2.000913328671815705e+00
1.000000000000000000e+00,-9.925566686280667961e-01
