1.000000000000000000e+00,-1.532115435320104968e-01
1.000000000000000000e+00,-8.234492839112690296e-03
1.000000000000000000e+00,-6.343040076523141779e-02
1.000000000000000000e+00,1.162534356973121685e-01
1.000000000000000000e+00,7.524725188468343040e-01
1.000000000000000000e+00,5.228453431131891982e-01
1.000000000000000000e+00,1.075827046992929414e+00
1.000000000000000000e+00,6.418621026673407837e-01
1.000000000000000000e+00,1.339117044391502365e+00
1.000000000000000000e+00,9.695553278127772012e-01
1.000000000000000000e+00,8.073624338321923055e-01
1.000000000000000000e+00,8.555688030058767879e-01
1.000000000000000000e+00,1.071894348086644300e+00
1.000000000000000000e+00,1.361845707791583315e+00
1.000000000000000000e+00,8.463198765812645075e-01
1.000000000000000000e+00,1.270409466099577944e+00
1.000000000000000000e+00,1.112172560410475075e+00
1.000000000000000000e+00,8.594327140327844283e-01
1.000000000000000000e+00,6.977798690818963756e-01
1.000000000000000000e+00,1.578736398798709750e+00
1.000000000000000000e+00,8.920387629180649425e-01
1.000000000000000000e+00,1.150298548047750113e+00
1.000000000000000000e+00,5.945940253373198647e-01
1.000000000000000000e+00,8.147850661607690670e-01
1.000000000000000000e+00,1.000577212940949146e+00
1.000000000000000000e+00,6.963099490308676254e-01
1.000000000000000000e+00,1.002723453892001126e+00
1.000000000000000000e+00,1.105201997314877671e+00
1.000000000000000000e+00,1.171485260281774021e+00
1.000000000000000000e+00,1.058823654130796932e+00
1.000000000000000000e+00,7.387475721760725644e-01
1.000000000000000000e+00,1.312975383384603845e+00
1.000000000000000000e+00,8.922232003267325240e-01
1.000000000000000000e+00,1.015402016490401405e+00
1.000000000000000000e+00,9.655123938452485621e-01
1.000000000000000000e+00,1.222699928181536277e+00
1.000000000000000000e+00,1.157340582994189404e+00
1.000000000000000000e+00,9.858160975380453328e-01
1.000000000000000000e+00,8.331715248031422716e-01
1.000000000000000000e+00,1.013632179158616697e+00
1.000000000000000000e+00,1.165267306428455996e+00
1.000000000000000000e+00,7.188642234605048253e-01
1.000000000000000000e+00,8.954194883207335920e-01
1.000000000000000000e+00,8.525599120744237203e-01
1.000000000000000000e+00,1.170334830604769838e+00
1.000000000000000000e+00,7.091887942015837609e-01
1.000000000000000000e+00,9.153166711812399381e-01
1.000000000000000000e+00,8.467574238072157478e-01
1.000000000000000000e+00,7.691649579508867962e-01
1.000000000000000000e+00,9.169373214865395028e-01
1.000000000000000000e+00,1.389879046886496772e+00
1.000000000000000000e+00,3.775087763854186873e-01
1.000000000000000000e+00,9.108867021072375447e-01
1.000000000000000000e+00,1.015946487058803749e+00
1.000000000000000000e+00,1.047283797925792515e+00
1.000000000000000000e+00,7.140151952973297078e-01
1.000000000000000000e+00,1.043224722630223811e+00
1.000000000000000000e+00,6.316531799777771461e-01
-1.000000000000000000e+00,1.452549609042131706e+00
-1.000000000000000000e+00,7.710847030266396729e-01
-1.000000000000000000e+00,8.133204351238898511e-01
-1.000000000000000000e+00,1.701303318315659507e-01
-1.000000000000000000e+00,-3.971132928436040821e-01
-1.000000000000000000e+00,-3.925088930253161079e-01
-1.000000000000000000e+00,-6.130447035423235436e-01
-1.000000000000000000e+00,-7.814367611193268059e-01
-1.000000000000000000e+00,-7.104354001389610040e-01
-1.000000000000000000e+00,-1.078166325633108436e+00
-1.000000000000000000e+00,-1.048488654001935139e+00
-1.000000000000000000e+00,-4.681447532499744546e-01
-1.000000000000000000e+00,-1.089330720024338506e+00
-1.000000000000000000e+00,-1.140504098886476081e+00
-1.000000000000000000e+00,-6.107979113249437653e-01
-1.000000000000000000e+00,-7.066426419079774313e-01
-1.000000000000000000e+00,-1.303048426516197900e+00
-1.000000000000000000e+00,-1.061294210161778384e+00
-1.000000000000000000e+00,-5.284156068416997476e-01
-1.000000000000000000e+00,-8.796303849441442502e-01
-1.000000000000000000e+00,-1.047848468954077461e+00
-1.000000000000000000e+00,-1.298004293190702985e+00
-1.000000000000000000e+00,-1.401377058453367130e+00
-1.000000000000000000e+00,-8.861619564052749531e-01
-1.000000000000000000e+00,-1.147575207726853508e+00
-1.000000000000000000e+00,-1.421911723857411491e+00
-1.000000000000000000e+00,-1.531622723459533209e+00
-1.000000000000000000e+00,-1.206445962753202039e+00
-1.000000000000000000e+00,-1.566832767230098789e+00
-1.000000000000000000e+00,-1.017259164500317947e+00
-1.000000000000000000e+00,-6.630539496903302688e-01
-1.000000000000000000e+00,-4.219472502865366792e-01
-1.000000000000000000e+00,-9.168617615901132334e-01
1.000000000000000000e+00,-1.033398075152765605e+00
1.000000000000000000e+00,-7.911674905054827400e-01
1.000000000000000000e+00,-1.142007927478775331e-01
-1.000000000000000000e+00,-1.913796439857924914e-01
-1.000000000000000000e+00,1.873189108209541154e-01
-1.000000000000000000e+00,-1.902157839950868734e-02
-1.000000000000000000e+00,-2.163801435248930982e-01
-1.000000000000000000e+00,-6.497455032217742676e-01
-1.000000000000000000e+00,-2.343342011097795385e-01
1.000000000000000000e+00,-7.882783699209453543e-01
1.000000000000000000e+00,-7.524277233947594956e-01
1.000000000000000000e+00,-4.759005360798411188e-01
-1.000000000000000000e+00,-3.014792854153663937e-01
-1.000000000000000000e+00,3.125759531708912631e-01
-1.000000000000000000e+00,3.085751668278065019e-01
-1.000000000000000000e+00,2.472906609073800555e-01
-1.000000000000000000e+00,1.349651635901457092e-01
-1.000000000000000000e+00,-4.872022650719919357e-01
-1.000000000000000000e+00,-5.028369226881284071e-01
-1.000000000000000000e+00,-8.760232457538580375e-01
-1.000000000000000000e+00,-6.164843233944879985e-01
-1.000000000000000000e+00,-9.584997874441210097e-01
-1.000000000000000000e+00,-1.371608799019069957e+00
-1.000000000000000000e+00,-8.535990720169658319e-01
-1.000000000000000000e+00,-6.967257647377699259e-01
-1.000000000000000000e+00,-1.231035819045423807e+00
-1.000000000000000000e+00,-5.616397178805754287e-01
-1.000000000000000000e+00,-1.168973952979289743e+00
-1.000000000000000000e+00,-5.365136844452926823e-01
-1.000000000000000000e+00,-7.549773140107106650e-01
-1.000000000000000000e+00,-3.801527357032906673e-01
-1.000000000000000000e+00,-1.063265787064122447e+00
-1.000000000000000000e+00,-1.002443899827788254e+00
-1.000000000000000000e+00,-8.991356312052505295e-01
-1.000000000000000000e+00,-1.192728863006844220e+00
-1.000000000000000000e+00,-9.765307126033755392e-01
-1.000000000000000000e+00,-1.144446271926713221e+00
-1.000000000000000000e+00,-9.152837782060030403e-01
-1.000000000000000000e+00,-7.424396274178224342e-01
-1.000000000000000000e+00,-8.195651964055244987e-01
-1.000000000000000000e+00,-9.046619564611000364e-01
-1.000000000000000000e+00,-8.362629350520257576e-01
-1.000000000000000000e+00,-1.463996453296784850e+00
-1.000000000000000000e+00,-1.070215821584602489e+00
-1.000000000000000000e+00,-7.401391031297177570e-01
-1.000000000000000000e+00,-1.176809436971061329e+00
-1.000000000000000000e+00,-1.013396713542362049e+00
-1.000000000000000000e+00,-1.170900384065575617e+00
-1.000000000000000000e+00,-6.783892266993097886e-01
-1.000000000000000000e+00,-6.177689244189936701e-01
-1.000000000000000000e+00,-1.086004241101258039e+00
-1.000000000000000000e+00,-1.181021130386066265e+00
-1.000000000000000000e+00,-5.133527197657320462e-01
-1.000000000000000000e+00,-9.757741770288607119e-01
-1.000000000000000000e+00,-1.088266139143309941e+00
-1.000000000000000000e+00,-5.733593992658836402e-01
-1.000000000000000000e+00,-1.383545963191636030e+00
-1.000000000000000000e+00,-9.310820481676617133e-01
-1.000000000000000000e+00,-7.972318615696097899e-01
-1.000000000000000000e+00,-1.017202866396370586e+00
1.000000000000000000e+00,-1.008868942467735952e+00
1.000000000000000000e+00,-1.183176152510610368e+00
1.000000000000000000e+00,-1.271704079199437842e+00
1.000000000000000000e+00,-3.892397230962842403e-01
1.000000000000000000e+00,9.099627442115312825e-02
1.000000000000000000e+00,4.214385169536019604e-01
-1.000000000000000000e+00,6.420442640524155475e-01
-1.000000000000000000e+00,4.449525886222156501e-01
-1.000000000000000000e+00,5.054571350841071675e-01
-1.000000000000000000e+00,1.193672240426543324e-01
-1.000000000000000000e+00,9.246085752266929025e-02
-1.000000000000000000e+00,-2.350539643917851362e-01
-1.000000000000000000e+00,-6.717877257847650885e-01
-1.000000000000000000e+00,-2.716741188399566242e-01
-1.000000000000000000e+00,-6.103787559598949919e-01
-1.000000000000000000e+00,-2.645168965155985097e-01
-1.000000000000000000e+00,-5.606691576288223011e-01
-1.000000000000000000e+00,-1.007162058812854033e+00
-1.000000000000000000e+00,-6.766821576906923985e-01
-1.000000000000000000e+00,-7.581155625250850516e-01
-1.000000000000000000e+00,-6.937227549723483655e-01
-1.000000000000000000e+00,-1.149831056711511090e+00
-1.000000000000000000e+00,-9.005545139308207547e-01
-1.000000000000000000e+00,-9.831363577151952526e-01
-1.000000000000000000e+00,-1.100423320266612492e+00
-1.000000000000000000e+00,-4.998531488156356395e-01
-1.000000000000000000e+00,-1.192227826681711456e+00
-1.000000000000000000e+00,-1.062607152120639942e+00
-1.000000000000000000e+00,-9.563183619792151591e-01
-1.000000000000000000e+00,-8.312796246996624339e-01
-1.000000000000000000e+00,-8.948632538238254774e-01
-1.000000000000000000e+00,-5.963683355927799079e-01
-1.000000000000000000e+00,-5.044014804357631609e-01
-1.000000000000000000e+00,-8.577687112730338903e-01
-1.000000000000000000e+00,-8.601301492618007583e-01
-1.000000000000000000e+00,-1.021708624623107964e+00
-1.000000000000000000e+00,-1.261155055841960415e+00
-1.000000000000000000e+00,-8.187277920553504007e-01
-1.000000000000000000e+00,-7.652881690365815892e-01
-1.000000000000000000e+00,-5.246641218945107266e-01
-1.000000000000000000e+00,-1.066215963504397957e+00
-1.000000000000000000e+00,-1.020867336134447578e+00
-1.000000000000000000e+00,-9.138375913750926838e-01
-1.000000000000000000e+00,-7.434801437981862771e-01
-1.000000000000000000e+00,-5.980309453393177765e-01
-1.000000000000000000e+00,-1.266124537514561332e+00
-1.000000000000000000e+00,-1.202558281503378401e+00
-1.000000000000000000e+00,-9.794316450466040713e-01
1.000000000000000000e+00,-1.046115933052267577e+00
1.000000000000000000e+00,-1.113020788084280843e+00
1.000000000000000000e+00,-1.226092252454968889e+00
1.000000000000000000e+00,-5.845698494455232597e-01
1.000000000000000000e+00,9.961145047165070876e-02
1.000000000000000000e+00,6.274770998018746049e-01
1.000000000000000000e+00,4.552949364883846495e-01
1.000000000000000000e+00,7.576752519387429663e-01
1.000000000000000000e+00,6.218075047551585577e-01
1.000000000000000000e+00,8.616547585048539570e-01
1.000000000000000000e+00,6.350911363487360406e-01
1.000000000000000000e+00,1.091086624980463604e+00
1.000000000000000000e+00,9.068760820682082446e-01
1.000000000000000000e+00,9.165674070839113785e-01
1.000000000000000000e+00,1.271389294267322834e+00
1.000000000000000000e+00,4.948839847972820727e-01
1.000000000000000000e+00,8.186566929504925927e-01
1.000000000000000000e+00,9.795243027233582200e-01
-1.000000000000000000e+00,1.051864750878191090e+00
-1.000000000000000000e+00,7.487075169880946790e-01
-1.000000000000000000e+00,4.562066005245313249e-01
-1.000000000000000000e+00,3.354655958289942674e-01
-1.000000000000000000e+00,-7.803921893113173469e-02
-1.000000000000000000e+00,-2.523725026836282082e-02
1.000000000000000000e+00,-8.142960938481468292e-01
1.000000000000000000e+00,-4.980083920445816936e-01
1.000000000000000000e+00,-7.815177943827756879e-01
1.000000000000000000e+00,5.740949063748013170e-02
1.000000000000000000e+00,5.828950185319171640e-01
1.000000000000000000e+00,5.211842820752626837e-01
1.000000000000000000e+00,3.612002301343327781e-01
1.000000000000000000e+00,8.364736906445805475e-01
1.000000000000000000e+00,5.978426474921147982e-01
1.000000000000000000e+00,6.644615916572601533e-01
1.000000000000000000e+00,1.147361242521385938e+00
1.000000000000000000e+00,1.451526336874782608e+00
1.000000000000000000e+00,9.650857578322606933e-01
1.000000000000000000e+00,1.131143423085360977e+00
1.000000000000000000e+00,7.850661457470351490e-01
1.000000000000000000e+00,7.425253143408945267e-01
1.000000000000000000e+00,8.495370503367902781e-01
1.000000000000000000e+00,9.859806296170895434e-01
1.000000000000000000e+00,8.317915553816406238e-01
1.000000000000000000e+00,1.112773960414690011e+00
1.000000000000000000e+00,8.429129678664667447e-01
1.000000000000000000e+00,8.555145560643162561e-01
1.000000000000000000e+00,1.018738257502108224e+00
1.000000000000000000e+00,1.072177083603765180e+00
1.000000000000000000e+00,9.705420139721535611e-01
1.000000000000000000e+00,9.849407652999822016e-01
1.000000000000000000e+00,9.819195055041610720e-01
1.000000000000000000e+00,1.174727233105830493e+00
1.000000000000000000e+00,7.317304636949483188e-01
1.000000000000000000e+00,1.199411145241399801e+00
1.000000000000000000e+00,8.403731827303864144e-01
1.000000000000000000e+00,1.030485021802759915e+00
1.000000000000000000e+00,7.976486611226882850e-01
1.000000000000000000e+00,6.364455786909333224e-01
1.000000000000000000e+00,1.139789344965590701e+00
1.000000000000000000e+00,1.131085323572731838e+00
1.000000000000000000e+00,1.014956327740024644e+00
1.000000000000000000e+00,6.708631158986206877e-01
1.000000000000000000e+00,1.056221225582619549e+00
1.000000000000000000e+00,7.046589367762963185e-01
1.000000000000000000e+00,6.230824331325610643e-01
1.000000000000000000e+00,1.215796940808984150e+00
-1.000000000000000000e+00,6.754794620606561217e-01
-1.000000000000000000e+00,9.494406162617315958e-01
-1.000000000000000000e+00,9.398793709675716812e-01
-1.000000000000000000e+00,2.709761594473094615e-01
-1.000000000000000000e+00,-3.861309843777394057e-02
-1.000000000000000000e+00,-8.261595579025535208e-02
-1.000000000000000000e+00,-2.582464416443548960e-01
-1.000000000000000000e+00,-8.714985787916306181e-01
-1.000000000000000000e+00,-9.388196931604786410e-01
-1.000000000000000000e+00,-9.886933524422730768e-01
-1.000000000000000000e+00,-7.251435685170094514e-01
-1.000000000000000000e+00,-8.506408232883870824e-01
-1.000000000000000000e+00,-8.752247976146824149e-01
-1.000000000000000000e+00,-1.263314103213008410e+00
-1.000000000000000000e+00,-8.501153129358304250e-01
1.000000000000000000e+00,-1.073203004197179400e+00
1.000000000000000000e+00,-1.390914355957956872e+00
1.000000000000000000e+00,-1.460737294274757847e+00
-1.000000000000000000e+00,-8.936020953814971524e-02
-1.000000000000000000e+00,-2.306067967747907899e-01
-1.000000000000000000e+00,-2.883828742923655319e-02
-1.000000000000000000e+00,-6.608541083549344941e-02
-1.000000000000000000e+00,-4.301899733993753694e-01
-1.000000000000000000e+00,-5.988095314518524503e-01
-1.000000000000000000e+00,-7.274607966581041474e-01
-1.000000000000000000e+00,-9.275445767595728030e-01
-1.000000000000000000e+00,-1.033642848149393334e+00
-1.000000000000000000e+00,-7.362526231423609513e-01
-1.000000000000000000e+00,-1.201188600600693324e+00
-1.000000000000000000e+00,-3.801801059991000153e-01
-1.000000000000000000e+00,-8.731277986646622802e-01
-1.000000000000000000e+00,-6.904748241670159992e-01
-1.000000000000000000e+00,-8.347966749195561142e-01
-1.000000000000000000e+00,-9.183867338529234647e-01
-1.000000000000000000e+00,-1.066229299630333971e+00
-1.000000000000000000e+00,-6.355637372947706698e-01
-1.000000000000000000e+00,-1.065772609983139052e+00
-1.000000000000000000e+00,-8.166046763653979079e-01
-1.000000000000000000e+00,-1.278306766362584668e+00
-1.000000000000000000e+00,-1.175024082131049807e+00
-1.000000000000000000e+00,-1.150389110480313448e+00
-1.000000000000000000e+00,-1.077517911333369272e+00
-1.000000000000000000e+00,-1.008485174336505752e+00
-1.000000000000000000e+00,-8.352666409463651576e-01
-1.000000000000000000e+00,-8.755095433855076825e-01
-1.000000000000000000e+00,-7.415440402108841589e-01
-1.000000000000000000e+00,-9.175482056081002424e-01
-1.000000000000000000e+00,-1.137121719147600185e+00
1.000000000000000000e+00,-5.334236629777229233e-01
1.000000000000000000e+00,-1.195237467671732112e+00
1.000000000000000000e+00,-7.347500008684180184e-01
-1.000000000000000000e+00,-4.981907119101141590e-01
-1.000000000000000000e+00,-1.359593591783348487e-01
-1.000000000000000000e+00,-3.134087447558783213e-01
-1.000000000000000000e+00,-1.341610454463516844e-01
-1.000000000000000000e+00,-3.414098990761061936e-01
-1.000000000000000000e+00,-7.567875581379519545e-01
-1.000000000000000000e+00,-7.991645037693886344e-01
-1.000000000000000000e+00,-6.767840181603984595e-01
-1.000000000000000000e+00,-7.605560617378156474e-01
-1.000000000000000000e+00,-8.285162051963508301e-01
-1.000000000000000000e+00,-1.057651831402023124e+00
-1.000000000000000000e+00,-9.228192318771573088e-01
-1.000000000000000000e+00,-1.099614045905157989e+00
-1.000000000000000000e+00,-1.044792403181947993e+00
-1.000000000000000000e+00,-1.268078640100811061e+00
-1.000000000000000000e+00,-9.521764345477353730e-01
-1.000000000000000000e+00,-1.106179469924192471e+00
-1.000000000000000000e+00,-9.968111857576920087e-01
-1.000000000000000000e+00,-1.193791038505603197e+00
-1.000000000000000000e+00,-8.999467164311059086e-01
-1.000000000000000000e+00,-1.174031746442951940e+00
-1.000000000000000000e+00,-1.217664277575162268e+00
-1.000000000000000000e+00,-9.761585571945050610e-01
-1.000000000000000000e+00,-1.204976506967343708e+00
-1.000000000000000000e+00,-1.203511155937038613e+00
-1.000000000000000000e+00,-1.158077187600731195e+00
-1.000000000000000000e+00,-8.010711283831482010e-01
-1.000000000000000000e+00,-1.232946832155562555e+00
-1.000000000000000000e+00,-1.065255460788640196e+00
-1.000000000000000000e+00,-6.408067488179148841e-01
-1.000000000000000000e+00,-6.762494640540681612e-01
-1.000000000000000000e+00,-1.168007610764561832e+00
-1.000000000000000000e+00,-8.035678407126798373e-01
-1.000000000000000000e+00,-1.046990195925520117e+00
-1.000000000000000000e+00,-1.004391096335372380e+00
-1.000000000000000000e+00,-9.788562662101126799e-01
1.000000000000000000e+00,-1.413653269956551828e+00
1.000000000000000000e+00,-1.033490675809357606e+00
1.000000000000000000e+00,-1.241800088388422596e+00
1.000000000000000000e+00,-4.747696650497495452e-01
1.000000000000000000e+00,1.821771655134127865e-01
1.000000000000000000e+00,3.311355430409601563e-01
1.000000000000000000e+00,7.246585208037928938e-01
1.000000000000000000e+00,4.576187031118316151e-01
1.000000000000000000e+00,5.488063505961540134e-01
1.000000000000000000e+00,1.083678835222294357e+00
1.000000000000000000e+00,7.193742113655710035e-01
1.000000000000000000e+00,9.342683482276257223e-01
1.000000000000000000e+00,7.220657520022630838e-01
1.000000000000000000e+00,7.492920373581050120e-01
1.000000000000000000e+00,6.242897167862530017e-01
1.000000000000000000e+00,1.048235476559394641e+00
1.000000000000000000e+00,6.954758839702839257e-01
1.000000000000000000e+00,7.080005902736239420e-01
-1.000000000000000000e+00,8.925707655664041340e-01
-1.000000000000000000e+00,1.245452103767603624e+00
-1.000000000000000000e+00,2.149103189854094653e-01
-1.000000000000000000e+00,3.267358644830980485e-01
-1.000000000000000000e+00,-2.914298523597286250e-01
-1.000000000000000000e+00,-3.248413306681132706e-01
-1.000000000000000000e+00,-6.840559765140340476e-01
-1.000000000000000000e+00,-7.707116383354508660e-01
-1.000000000000000000e+00,-6.391094666182248751e-01
-1.000000000000000000e+00,-6.165379229536810390e-01
-1.000000000000000000e+00,-8.841415898912426963e-01
-1.000000000000000000e+00,-1.129294413612510484e+00
-1.000000000000000000e+00,-9.999818227419801087e-01
-1.000000000000000000e+00,-5.228246754593512957e-01
-1.000000000000000000e+00,-1.190828354045883497e+00
-1.000000000000000000e+00,-1.054147025450870245e+00
-1.000000000000000000e+00,-1.373841485858243727e+00
-1.000000000000000000e+00,-9.787814207147107481e-01
1.000000000000000000e+00,-1.361441738964276116e+00
1.000000000000000000e+00,-9.522720068609222821e-01
1.000000000000000000e+00,-9.430981461701377633e-01
1.000000000000000000e+00,-8.075374624270331703e-01
1.000000000000000000e+00,2.548496820358182591e-01
1.000000000000000000e+00,3.622204409464573338e-01
1.000000000000000000e+00,2.487885796593287402e-01
1.000000000000000000e+00,3.194846944376422693e-01
1.000000000000000000e+00,5.285550009533703797e-01
1.000000000000000000e+00,6.040661633574020417e-01
1.000000000000000000e+00,9.441039599208715938e-01
1.000000000000000000e+00,9.941128753484114178e-01
-1.000000000000000000e+00,1.235506461133674572e+00
-1.000000000000000000e+00,3.641717705465804533e-01
-1.000000000000000000e+00,9.288354736903783326e-01
-1.000000000000000000e+00,6.528862573889810950e-01
-1.000000000000000000e+00,2.392244992318905972e-01
-1.000000000000000000e+00,-1.389814361977967927e-01
1.000000000000000000e+00,-5.117745098678342375e-01
1.000000000000000000e+00,-2.433340032111562801e-01
1.000000000000000000e+00,-6.396751946872815120e-01
-1.000000000000000000e+00,-1.901915547445979793e-01
-1.000000000000000000e+00,1.059336338139499345e-02
-1.000000000000000000e+00,5.159681048718367524e-01
-1.000000000000000000e+00,1.420682195081580251e-02
-1.000000000000000000e+00,-7.756385673473765729e-01
-1.000000000000000000e+00,-3.639012050802832299e-01
-1.000000000000000000e+00,-5.738448513244127636e-01
-1.000000000000000000e+00,-9.759361818438949676e-01
-1.000000000000000000e+00,-5.697135302430241799e-01
-1.000000000000000000e+00,-6.832271251960554403e-01
-1.000000000000000000e+00,-5.576175760027599626e-01
-1.000000000000000000e+00,-5.918527291407369439e-01
-1.000000000000000000e+00,-7.119628470713431634e-01
-1.000000000000000000e+00,-8.313904073036436637e-01
-1.000000000000000000e+00,-1.197553653757659209e+00
-1.000000000000000000e+00,-1.453206607953987595e+00
-1.000000000000000000e+00,-8.972135525864878280e-01
-1.000000000000000000e+00,-1.067494661167754710e+00
-1.000000000000000000e+00,-5.557828118488971070e-01
-1.000000000000000000e+00,-1.301705704564237731e+00
-1.000000000000000000e+00,-9.937342275113228984e-01
-1.000000000000000000e+00,-1.786076672572149970e-01
-1.000000000000000000e+00,-9.977520901264910202e-01
-1.000000000000000000e+00,-1.128803204081615608e+00
-1.000000000000000000e+00,-1.080725497191957984e+00
-1.000000000000000000e+00,-1.142166853663790560e+00
-1.000000000000000000e+00,-1.031546052716327155e+00
-1.000000000000000000e+00,-8.148285599114620803e-01
-1.000000000000000000e+00,-5.598841922446858854e-01
-1.000000000000000000e+00,-8.218919431323281621e-01
-1.000000000000000000e+00,-9.064649887597100442e-01
-1.000000000000000000e+00,-1.098103347472171309e+00
-1.000000000000000000e+00,-7.166450356480160711e-01
-1.000000000000000000e+00,-1.071829911543880742e+00
-1.000000000000000000e+00,-8.711339965232096638e-01
-1.000000000000000000e+00,-7.343420156904941765e-01
-1.000000000000000000e+00,-9.452321900073713534e-01
-1.000000000000000000e+00,-7.887420192966668742e-01
-1.000000000000000000e+00,-9.395917502798291077e-01
-1.000000000000000000e+00,-8.343540700284727274e-01
-1.000000000000000000e+00,-1.516893290915021897e+00
-1.000000000000000000e+00,-8.349453296947415559e-01
-1.000000000000000000e+00,-9.387495698249276321e-01
-1.000000000000000000e+00,-7.782099839397503827e-01
-1.000000000000000000e+00,-5.613370545553209023e-01
-1.000000000000000000e+00,-9.375710745760357234e-01
-1.000000000000000000e+00,-1.206306974356331496e+00
-1.000000000000000000e+00,-2.568644091195878554e-01
-1.000000000000000000e+00,-1.482792739490774947e+00
-1.000000000000000000e+00,-1.033205165306169793e+00
-1.000000000000000000e+00,-9.769246082826850142e-01
-1.000000000000000000e+00,-9.841945137759813278e-01
-1.000000000000000000e+00,-7.684505015874585343e-01
-1.000000000000000000e+00,-8.427383424864806072e-01
1.000000000000000000e+00,-4.714071129919670811e-01
1.000000000000000000e+00,-1.159085394942400704e+00
1.000000000000000000e+00,-7.142361709744317055e-01
1.000000000000000000e+00,-4.861712631287351538e-01
1.000000000000000000e+00,2.505521458574197155e-02
1.000000000000000000e+00,1.393816023260813497e-01
1.000000000000000000e+00,4.230626920752760256e-01
1.000000000000000000e+00,7.487064194781063442e-01
1.000000000000000000e+00,6.434373941097716321e-01
1.000000000000000000e+00,9.415754572990557847e-01
1.000000000000000000e+00,6.766169532644965567e-01
1.000000000000000000e+00,4.692512308793857501e-01
1.000000000000000000e+00,5.691438957728789383e-01
1.000000000000000000e+00,8.291568847410851761e-01
1.000000000000000000e+00,1.189181514030098308e+00
-1.000000000000000000e+00,8.445791773892593612e-01
-1.000000000000000000e+00,1.081259774748274838e+00
-1.000000000000000000e+00,5.303956342563802551e-01
-1.000000000000000000e+00,4.097657187434446402e-01
-1.000000000000000000e+00,-4.448669673534403485e-02
-1.000000000000000000e+00,-4.023641164225496003e-01
1.000000000000000000e+00,-4.960146596645474415e-01
1.000000000000000000e+00,-9.447922509238657618e-01
1.000000000000000000e+00,-7.854377269701302566e-01
1.000000000000000000e+00,7.147287586170797402e-02
1.000000000000000000e+00,8.080557095474510954e-01
1.000000000000000000e+00,2.547862219883474388e-01
1.000000000000000000e+00,6.841210210316517326e-01
1.000000000000000000e+00,4.555834361781445074e-01
1.000000000000000000e+00,2.521158296751900285e-01
1.000000000000000000e+00,1.151405780692549286e+00
1.000000000000000000e+00,8.997959514163837991e-01
1.000000000000000000e+00,6.536738592146327242e-01
1.000000000000000000e+00,1.362119026385103515e+00
1.000000000000000000e+00,7.660923998915348809e-01
1.000000000000000000e+00,7.382447085497806372e-01
1.000000000000000000e+00,5.403292408283966175e-01
1.000000000000000000e+00,6.927467550488116688e-01
1.000000000000000000e+00,7.801612904174225482e-01
1.000000000000000000e+00,1.250613578175764129e+00
1.000000000000000000e+00,9.563195904417117754e-01
1.000000000000000000e+00,9.467115189719716994e-01
1.000000000000000000e+00,8.227430419417931518e-01
1.000000000000000000e+00,1.121005635408796053e+00
1.000000000000000000e+00,1.276421057265433756e+00
1.000000000000000000e+00,8.442440643383019028e-01
1.000000000000000000e+00,7.366119680206670850e-01
1.000000000000000000e+00,9.543937328472259507e-01
1.000000000000000000e+00,9.005983953009879528e-01
1.000000000000000000e+00,6.949801901603971377e-01
1.000000000000000000e+00,1.394158198337000831e+00
1.000000000000000000e+00,1.200709741914127715e+00
1.000000000000000000e+00,9.105540788893520254e-01
1.000000000000000000e+00,6.064941257680801501e-01
1.000000000000000000e+00,1.118405138770890206e+00
1.000000000000000000e+00,7.067229514434723026e-01
1.000000000000000000e+00,8.002864648223567690e-01
-1.000000000000000000e+00,1.158563219500548191e+00
-1.000000000000000000e+00,6.648628968235421599e-01
-1.000000000000000000e+00,4.560980011470057716e-01
1.000000000000000000e+00,5.627549480045510588e-01
1.000000000000000000e+00,2.652749751231983089e-01
1.000000000000000000e+00,-7.995502734864617933e-02
1.000000000000000000e+00,1.407898866692016138e-01
1.000000000000000000e+00,3.225513585220629031e-01
1.000000000000000000e+00,6.549103448718597287e-01
1.000000000000000000e+00,4.426009464108245917e-01
1.000000000000000000e+00,7.499421561877722686e-01
1.000000000000000000e+00,8.780366408209714368e-01
-1.000000000000000000e+00,8.252009646132467680e-01
-1.000000000000000000e+00,6.673759850553913076e-01
-1.000000000000000000e+00,5.842093423443457390e-01
-1.000000000000000000e+00,4.679276275146141417e-01
-1.000000000000000000e+00,2.127673230312354669e-01
-1.000000000000000000e+00,-5.965870006617830512e-01
-1.000000000000000000e+00,-2.162296268685433009e-01
-1.000000000000000000e+00,-8.443555212946399768e-01
-1.000000000000000000e+00,-5.984667326154946565e-01
-1.000000000000000000e+00,-6.766249114583675617e-01
-1.000000000000000000e+00,-1.351918898088191545e+00
-1.000000000000000000e+00,-6.621412704942427618e-01
-1.000000000000000000e+00,-1.185179879418611248e+00
-1.000000000000000000e+00,-8.121769568225513103e-01
-1.000000000000000000e+00,-7.950252003125994893e-01
-1.000000000000000000e+00,-1.057172761877069211e+00
-1.000000000000000000e+00,-1.030434080823257492e+00
-1.000000000000000000e+00,-6.482540281872439802e-01
1.000000000000000000e+00,-1.545761114770914713e+00
1.000000000000000000e+00,-1.239112881446899461e+00
1.000000000000000000e+00,-1.164928740813923946e+00
1.000000000000000000e+00,-4.648461443051917219e-01
1.000000000000000000e+00,1.300075804899299969e-01
1.000000000000000000e+00,1.595898038993173174e-01
1.000000000000000000e+00,5.108175455599555104e-01
1.000000000000000000e+00,9.955951905640312294e-01
1.000000000000000000e+00,9.624502694470491448e-01
1.000000000000000000e+00,9.037463864806093428e-01
1.000000000000000000e+00,1.367269775464986292e+00
1.000000000000000000e+00,9.850779005398520027e-01
1.000000000000000000e+00,9.601722581354705799e-01
1.000000000000000000e+00,8.236216651475586348e-01
1.000000000000000000e+00,9.124339344882790304e-01
1.000000000000000000e+00,1.016310323329104426e+00
1.000000000000000000e+00,1.072838828963927016e+00
1.000000000000000000e+00,8.915015101625551885e-01
1.000000000000000000e+00,8.414383975585286723e-01
1.000000000000000000e+00,6.689559496684309714e-01
1.000000000000000000e+00,9.329155382313648603e-01
1.000000000000000000e+00,8.512644781956448803e-01
1.000000000000000000e+00,1.043467155201459384e+00
1.000000000000000000e+00,6.477251102430328089e-01
1.000000000000000000e+00,7.381523257822852901e-01
1.000000000000000000e+00,1.178069359417557305e+00
1.000000000000000000e+00,1.126322954845520030e+00
1.000000000000000000e+00,8.275828799635376321e-01
1.000000000000000000e+00,6.304013804682602196e-01
1.000000000000000000e+00,8.770092541179468348e-01
-1.000000000000000000e+00,7.265714527618367669e-01
-1.000000000000000000e+00,6.260093603123344508e-01
-1.000000000000000000e+00,8.199466753053895607e-01
1.000000000000000000e+00,3.189156016234157009e-02
1.000000000000000000e+00,3.325686545837360231e-01
1.000000000000000000e+00,-2.808524758009435518e-02
1.000000000000000000e+00,-1.644310774576454859e-01
1.000000000000000000e+00,5.354080076625276075e-01
1.000000000000000000e+00,5.192997663911042006e-01
1.000000000000000000e+00,5.417960753095532045e-01
1.000000000000000000e+00,8.638651038175484409e-01
1.000000000000000000e+00,6.745505105183837724e-01
1.000000000000000000e+00,1.281200382192443143e+00
1.000000000000000000e+00,6.437947922515853127e-01
1.000000000000000000e+00,7.151337389457135263e-01
1.000000000000000000e+00,8.211922867144754168e-01
1.000000000000000000e+00,6.740926513089452454e-01
1.000000000000000000e+00,1.196693133095495298e+00
1.000000000000000000e+00,7.240767629395887806e-01
1.000000000000000000e+00,9.021294331143955292e-01
1.000000000000000000e+00,1.037018380169876020e+00
1.000000000000000000e+00,1.032583967786054435e+00
1.000000000000000000e+00,1.211115462743213911e+00
1.000000000000000000e+00,6.782587368894981150e-01
-1.000000000000000000e+00,8.852264396578173322e-01
-1.000000000000000000e+00,7.269288127083431972e-01
-1.000000000000000000e+00,6.059828242466680503e-01
-1.000000000000000000e+00,1.869058000730255131e-01
-1.000000000000000000e+00,4.914409199224733515e-01
-1.000000000000000000e+00,-8.947155096624812010e-02
-1.000000000000000000e+00,-7.567788301321717315e-01
-1.000000000000000000e+00,-8.027028044249778782e-01
-1.000000000000000000e+00,-8.457512458214918594e-01
1.000000000000000000e+00,-6.777440439006837680e-01
1.000000000000000000e+00,-9.013587526707593778e-01
1.000000000000000000e+00,-4.172221319773730674e-01
1.000000000000000000e+00,-1.189818638309425025e-01
1.000000000000000000e+00,4.701344238831562938e-01
1.000000000000000000e+00,3.382119064204602843e-03
1.000000000000000000e+00,7.615252645664385422e-01
1.000000000000000000e+00,4.414124312782645720e-01
1.000000000000000000e+00,7.294190287872633904e-01
1.000000000000000000e+00,6.663821195528518704e-01
1.000000000000000000e+00,4.980053248989299575e-01
1.000000000000000000e+00,8.023218168825390073e-01
1.000000000000000000e+00,8.267903022142958358e-01
1.000000000000000000e+00,9.579240465389314840e-01
1.000000000000000000e+00,6.086267483645684262e-01
-1.000000000000000000e+00,1.449410940356056665e+00
-1.000000000000000000e+00,7.409746888859884972e-01
-1.000000000000000000e+00,7.886092986732959886e-01
1.000000000000000000e+00,4.357009820713477755e-01
1.000000000000000000e+00,-1.884092580112786131e-01
1.000000000000000000e+00,-3.304754663079388921e-01
-1.000000000000000000e+00,2.286265996132592071e-01
-1.000000000000000000e+00,1.800493861453550948e-01
-1.000000000000000000e+00,1.008201565407209621e-01
1.000000000000000000e+00,6.712170757137672639e-02
1.000000000000000000e+00,-2.947794159550027882e-01
1.000000000000000000e+00,-3.807707918454725227e-02
1.000000000000000000e+00,5.937105479830978583e-02
1.000000000000000000e+00,2.851256790729875257e-01
1.000000000000000000e+00,5.304311944939590351e-01
-1.000000000000000000e+00,1.257040690999189803e+00
-1.000000000000000000e+00,1.192123545510247240e+00
-1.000000000000000000e+00,5.206971377428514236e-01
-1.000000000000000000e+00,-1.205607217666110342e-02
-1.000000000000000000e+00,1.616130816485327193e-01
-1.000000000000000000e+00,-2.763510096727234688e-01
-1.000000000000000000e+00,-8.063814342823860670e-01
-1.000000000000000000e+00,-4.561915145441359787e-01
-1.000000000000000000e+00,-4.933579520716601108e-01
1.000000000000000000e+00,-3.080144061607978934e-01
1.000000000000000000e+00,-9.214440681041176084e-01
1.000000000000000000e+00,-8.873029081956871345e-01
1.000000000000000000e+00,1.467444443686601319e-01
1.000000000000000000e+00,1.108715920037419977e-01
1.000000000000000000e+00,2.516922488052081852e-01
1.000000000000000000e+00,6.320654460540714448e-01
1.000000000000000000e+00,6.063948965953304127e-01
1.000000000000000000e+00,7.300139079706722267e-01
1.000000000000000000e+00,6.149906234845073927e-01
1.000000000000000000e+00,7.170938789996221807e-01
1.000000000000000000e+00,7.998018088625030719e-01
1.000000000000000000e+00,8.465278994472490437e-01
1.000000000000000000e+00,9.139918253815229043e-01
1.000000000000000000e+00,8.652267509165711967e-01
-1.000000000000000000e+00,5.819135994058084460e-01
-1.000000000000000000e+00,1.148951887580376807e+00
-1.000000000000000000e+00,6.823933525802973188e-01
-1.000000000000000000e+00,1.376978978801620956e-01
-1.000000000000000000e+00,-3.029149993913916594e-01
-1.000000000000000000e+00,-6.264344308585028109e-01
1.000000000000000000e+00,-9.942444146642348546e-02
1.000000000000000000e+00,-3.432164352320863365e-01
1.000000000000000000e+00,-4.632579068840031455e-01
-1.000000000000000000e+00,-2.056546170598844980e-01
-1.000000000000000000e+00,4.910967822578586883e-01
-1.000000000000000000e+00,-2.908128641697063643e-02
-1.000000000000000000e+00,-2.357379564702051233e-01
-1.000000000000000000e+00,-3.789085856203914249e-01
-1.000000000000000000e+00,1.351705510542664523e-01
-1.000000000000000000e+00,-2.739200764594800774e-01
-1.000000000000000000e+00,-7.164203531067796504e-01
-1.000000000000000000e+00,-5.530960384721619327e-01
-1.000000000000000000e+00,-9.547488001131891888e-01
-1.000000000000000000e+00,-7.437306558307694715e-01
-1.000000000000000000e+00,-1.047140223192803088e+00
-1.000000000000000000e+00,-6.561503473061501834e-01
-1.000000000000000000e+00,-7.669397359792071711e-01
-1.000000000000000000e+00,-4.620468537295936984e-01
-1.000000000000000000e+00,-8.882957052433837486e-01
-1.000000000000000000e+00,-9.924018114494296272e-01
-1.000000000000000000e+00,-5.541498420540291736e-01
-1.000000000000000000e+00,-1.110482540846065458e+00
-1.000000000000000000e+00,-1.112832382973507395e+00
-1.000000000000000000e+00,-6.512118390708692139e-01
-1.000000000000000000e+00,-1.121871785654768638e+00
-1.000000000000000000e+00,-8.603895624856779945e-01
-1.000000000000000000e+00,-1.150409047342690005e+00
-1.000000000000000000e+00,-9.312035367528697094e-01
-1.000000000000000000e+00,-1.081269888932590018e+00
-1.000000000000000000e+00,-1.056603507031048883e+00
-1.000000000000000000e+00,-6.321900870956916885e-01
-1.000000000000000000e+00,-1.253293481477411708e+00
-1.000000000000000000e+00,-1.121044840688121935e+00
-1.000000000000000000e+00,-9.872833714967406138e-01
-1.000000000000000000e+00,-6.773834567643459703e-01
-1.000000000000000000e+00,-7.973663753723723158e-01
-1.000000000000000000e+00,-6.180762382507831720e-01
-1.000000000000000000e+00,-1.004432530511560007e+00
-1.000000000000000000e+00,-1.013169823350043464e+00
-1.000000000000000000e+00,-7.949205626728410579e-01
-1.000000000000000000e+00,-1.054273169895741491e+00
-1.000000000000000000e+00,-7.776980558161381563e-01
1.000000000000000000e+00,-1.030065319906893873e+00
1.000000000000000000e+00,-6.056466770694777235e-01
1.000000000000000000e+00,-5.620306557574209494e-01
1.000000000000000000e+00,1.338443928676216199e-01
1.000000000000000000e+00,-1.446338491522326519e-01
1.000000000000000000e+00,3.783561787153908451e-01
1.000000000000000000e+00,4.537104853493786893e-01
1.000000000000000000e+00,6.334948919112329824e-01
1.000000000000000000e+00,1.064431872751385288e+00
1.000000000000000000e+00,9.049327032831981921e-01
1.000000000000000000e+00,5.979967464623708873e-01
1.000000000000000000e+00,7.989494758044676237e-01
1.000000000000000000e+00,6.268374047922431469e-01
1.000000000000000000e+00,2.784943044295342673e-01
1.000000000000000000e+00,1.509995519315560086e-01
1.000000000000000000e+00,4.513006512215563260e-01
1.000000000000000000e+00,1.412015546519346243e+00
1.000000000000000000e+00,9.412582333747164798e-01
1.000000000000000000e+00,7.615329264147374655e-01
1.000000000000000000e+00,7.561907742244815545e-01
1.000000000000000000e+00,1.267053931040610149e+00
-1.000000000000000000e+00,1.036197662673810527e+00
-1.000000000000000000e+00,1.154602989675606928e+00
-1.000000000000000000e+00,7.618302641422980415e-01
-1.000000000000000000e+00,1.918954514647868148e-01
-1.000000000000000000e+00,4.050522957749009278e-01
-1.000000000000000000e+00,4.789408488248858564e-02
-1.000000000000000000e+00,-2.628717763189525325e-01
-1.000000000000000000e+00,-3.018650417812798747e-01
-1.000000000000000000e+00,-4.362901117943066009e-01
-1.000000000000000000e+00,-6.504661097839041783e-01
-1.000000000000000000e+00,-1.231724590777455219e+00
-1.000000000000000000e+00,-1.001374413636190175e+00
-1.000000000000000000e+00,-7.234368937904172014e-01
-1.000000000000000000e+00,-9.140329877058147590e-01
-1.000000000000000000e+00,-1.100866885583562160e+00
-1.000000000000000000e+00,-1.165980227500508004e+00
-1.000000000000000000e+00,-8.309927317794641999e-01
-1.000000000000000000e+00,-6.967172780575850988e-01
-1.000000000000000000e+00,-8.115133771942344421e-01
-1.000000000000000000e+00,-1.035702426879881344e+00
-1.000000000000000000e+00,-8.880288016980426580e-01
-1.000000000000000000e+00,-7.655958543082383994e-01
-1.000000000000000000e+00,-9.394275508491368720e-01
-1.000000000000000000e+00,-8.724090928601041517e-01
-1.000000000000000000e+00,-1.054813297034784103e+00
-1.000000000000000000e+00,-7.622860367855831543e-01
-1.000000000000000000e+00,-9.836880605366183916e-01
1.000000000000000000e+00,-8.420074619584965170e-01
1.000000000000000000e+00,-6.323132482230462426e-01
1.000000000000000000e+00,-6.121781056098004603e-01
1.000000000000000000e+00,-3.869413864405286674e-01
1.000000000000000000e+00,-1.520069287688058379e-01
1.000000000000000000e+00,3.169984826964555302e-01
1.000000000000000000e+00,8.411922518465355658e-01
1.000000000000000000e+00,3.249524847343801537e-01
1.000000000000000000e+00,6.395975425377773416e-01
1.000000000000000000e+00,7.033811613742830815e-01
1.000000000000000000e+00,6.466283389570646190e-01
1.000000000000000000e+00,6.533944903651595082e-01
-1.000000000000000000e+00,5.439266253143237861e-01
-1.000000000000000000e+00,9.612538186603897250e-01
-1.000000000000000000e+00,7.506409021781689228e-01
-1.000000000000000000e+00,-5.665077307726457123e-02
-1.000000000000000000e+00,-4.350376143332453927e-01
-1.000000000000000000e+00,-1.967224797171833184e-01
-1.000000000000000000e+00,-9.161906784174815854e-01
-1.000000000000000000e+00,-5.388001396730687231e-01
-1.000000000000000000e+00,-5.178262518808167680e-01
1.000000000000000000e+00,-6.365766416295357555e-01
1.000000000000000000e+00,-4.978759809857710716e-01
1.000000000000000000e+00,-8.430013774356186484e-01
-1.000000000000000000e+00,-6.226153671158456415e-01
-1.000000000000000000e+00,-4.355039528261877013e-01
-1.000000000000000000e+00,2.831695695364218057e-01
1.000000000000000000e+00,-4.538792050280274215e-02
1.000000000000000000e+00,-6.345856168283897647e-02
1.000000000000000000e+00,1.384355711816110390e-01
1.000000000000000000e+00,-1.684968195347205655e-03
1.000000000000000000e+00,8.258443833764712583e-01
1.000000000000000000e+00,5.037559135181919334e-01
1.000000000000000000e+00,5.938739902082308397e-01
1.000000000000000000e+00,7.917664121702839841e-01
1.000000000000000000e+00,9.696672381256261630e-01
1.000000000000000000e+00,9.395348464279199563e-01
1.000000000000000000e+00,9.176929068856595206e-01
1.000000000000000000e+00,6.774790413745204187e-01
-1.000000000000000000e+00,9.632870970249303166e-01
-1.000000000000000000e+00,9.196028270050896625e-01
-1.000000000000000000e+00,7.395818083586335190e-01
1.000000000000000000e+00,1.484284747750401479e-01
1.000000000000000000e+00,-2.098383250590697344e-02
1.000000000000000000e+00,-2.204533680868727141e-01
1.000000000000000000e+00,2.136825363189200910e-01
1.000000000000000000e+00,4.208102640801901217e-01
1.000000000000000000e+00,4.588214246891766379e-01
1.000000000000000000e+00,7.983767098953681307e-01
1.000000000000000000e+00,1.028966026298704595e+00
1.000000000000000000e+00,7.031075213332822482e-01
-1.000000000000000000e+00,5.608147572200401498e-01
-1.000000000000000000e+00,8.465415784745162764e-01
-1.000000000000000000e+00,2.085788943554421904e-01
-1.000000000000000000e+00,1.509081642824362524e-01
-1.000000000000000000e+00,-1.036830100778603908e-01
-1.000000000000000000e+00,-4.734513324869967787e-01
-1.000000000000000000e+00,-4.853253803999618143e-01
-1.000000000000000000e+00,-5.239248554754878384e-01
-1.000000000000000000e+00,-7.816453736510011741e-01
-1.000000000000000000e+00,-8.750311603774181268e-01
-1.000000000000000000e+00,-9.623473328797451654e-01
-1.000000000000000000e+00,-9.987121351011238879e-01
-1.000000000000000000e+00,-9.480955790614483680e-01
-1.000000000000000000e+00,-8.594736720476884306e-01
-1.000000000000000000e+00,-1.116663982380931897e+00
1.000000000000000000e+00,-9.961513231072339769e-01
1.000000000000000000e+00,-1.037466220510944614e+00
1.000000000000000000e+00,-4.126940771527443097e-01
1.000000000000000000e+00,-5.727254487182309450e-03
1.000000000000000000e+00,-5.257702911352338804e-01
1.000000000000000000e+00,2.335892692242486912e-01
1.000000000000000000e+00,3.853705268184560717e-01
1.000000000000000000e+00,4.586513282000877489e-01
1.000000000000000000e+00,6.077696538066702514e-01
1.000000000000000000e+00,7.666267296762347971e-01
1.000000000000000000e+00,8.461466520951891335e-01
1.000000000000000000e+00,8.932050823814647877e-01
1.000000000000000000e+00,9.450695738117996791e-01
1.000000000000000000e+00,8.512039548424699120e-01
1.000000000000000000e+00,9.843053354242232711e-01
1.000000000000000000e+00,5.965075587373975807e-01
1.000000000000000000e+00,6.636171360667566521e-01
1.000000000000000000e+00,1.196647084837100916e+00
1.000000000000000000e+00,1.138534134613341076e+00
1.000000000000000000e+00,7.577354786822726451e-01
1.000000000000000000e+00,1.003989570450755986e+00
1.000000000000000000e+00,1.018832313694670200e+00
1.000000000000000000e+00,8.370060423735317112e-01
1.000000000000000000e+00,7.715769270588866968e-01
1.000000000000000000e+00,8.286502753576021618e-01
1.000000000000000000e+00,6.705684478014173333e-01
1.000000000000000000e+00,1.235030598978284599e+00
1.000000000000000000e+00,1.052379976133831940e+00
1.000000000000000000e+00,8.528572968131978849e-01
1.000000000000000000e+00,8.688311100253302000e-01
1.000000000000000000e+00,9.013028078469296211e-01
1.000000000000000000e+00,1.329998632787205759e+00
1.000000000000000000e+00,9.668935740548759705e-01
1.000000000000000000e+00,7.369414129758984355e-01
1.000000000000000000e+00,1.032411853518392153e+00
1.000000000000000000e+00,7.928547404560392087e-01
1.000000000000000000e+00,1.301188744042053536e+00
1.000000000000000000e+00,1.153441010425641400e+00
1.000000000000000000e+00,1.221248722955903698e+00
1.000000000000000000e+00,1.271202593245424506e+00
1.000000000000000000e+00,1.794432953436264633e-01
1.000000000000000000e+00,1.010045047712854194e+00
1.000000000000000000e+00,7.826251786786996290e-01
1.000000000000000000e+00,1.218885618457864028e+00
1.000000000000000000e+00,1.076877806067181753e+00
-1.000000000000000000e+00,1.111159686673793390e+00
-1.000000000000000000e+00,1.440751990875355215e+00
-1.000000000000000000e+00,7.064098510673818554e-01
-1.000000000000000000e+00,3.771280048107405469e-01
-1.000000000000000000e+00,-1.246979332009753583e-01
-1.000000000000000000e+00,-7.953334892353705610e-02
1.000000000000000000e+00,-6.423377696351194599e-01
1.000000000000000000e+00,-1.133698358369579662e+00
1.000000000000000000e+00,-9.416519908188187848e-01
1.000000000000000000e+00,-1.650245267492386758e-01
1.000000000000000000e+00,3.105300143651380518e-01
1.000000000000000000e+00,3.631906488135194788e-01
1.000000000000000000e+00,5.934618855125791681e-01
1.000000000000000000e+00,3.196458859582756995e-01
1.000000000000000000e+00,7.333799385671482263e-01
1.000000000000000000e+00,9.144795139015363672e-01
1.000000000000000000e+00,8.155471106520987279e-01
1.000000000000000000e+00,8.804770451866715808e-01
-1.000000000000000000e+00,9.967522782022389949e-01
-1.000000000000000000e+00,8.663946593202459523e-01
-1.000000000000000000e+00,5.074461018217563124e-01
-1.000000000000000000e+00,-2.168787588053885385e-01
-1.000000000000000000e+00,3.323547123489017929e-01
-1.000000000000000000e+00,-4.422786868005221805e-01
-1.000000000000000000e+00,-4.239793967488376669e-01
-1.000000000000000000e+00,-1.232045675468804058e+00
-1.000000000000000000e+00,-6.969582303299943771e-01
1.000000000000000000e+00,-8.708239570498388371e-01
1.000000000000000000e+00,-7.344249199845097609e-01
1.000000000000000000e+00,-6.985239969696309670e-01
1.000000000000000000e+00,-4.159781646063063776e-01
1.000000000000000000e+00,2.525516664525229160e-01
1.000000000000000000e+00,6.720953152537465503e-01
1.000000000000000000e+00,2.216272169056321961e-01
1.000000000000000000e+00,1.176658365939537987e+00
1.000000000000000000e+00,3.227512436552268937e-01
-1.000000000000000000e+00,1.200925146087773676e+00
-1.000000000000000000e+00,1.066384991880800159e+00
-1.000000000000000000e+00,8.199340311191503083e-01
-1.000000000000000000e+00,-1.201884435450606414e-03
-1.000000000000000000e+00,-2.250252164135191357e-01
-1.000000000000000000e+00,-8.416005358366340783e-02
1.000000000000000000e+00,-7.090538087529357769e-02
1.000000000000000000e+00,-6.690685911187006507e-01
1.000000000000000000e+00,-3.854710618381956277e-01
-1.000000000000000000e+00,-8.986814730171250876e-01
-1.000000000000000000e+00,-5.116855302789162507e-02
-1.000000000000000000e+00,1.761775637125383986e-01
1.000000000000000000e+00,-1.800549447683976179e-01
1.000000000000000000e+00,-3.694524772318734107e-01
1.000000000000000000e+00,-3.645061476094965114e-01
1.000000000000000000e+00,3.266409653235658461e-01
1.000000000000000000e+00,5.931158177270540177e-01
1.000000000000000000e+00,3.312770515277498329e-01
1.000000000000000000e+00,3.613352362770964055e-01
1.000000000000000000e+00,1.128269824397076793e+00
1.000000000000000000e+00,7.688550551540118683e-01
-1.000000000000000000e+00,5.615047977241751642e-01
-1.000000000000000000e+00,7.793860994087661309e-01
-1.000000000000000000e+00,4.032731712140447677e-01
-1.000000000000000000e+00,2.448289222231672668e-01
-1.000000000000000000e+00,1.025051914990132984e-01
-1.000000000000000000e+00,-4.195955238026369272e-01
-1.000000000000000000e+00,-5.137686445133907709e-01
-1.000000000000000000e+00,-5.656235893267934633e-01
-1.000000000000000000e+00,-7.054666488193924723e-01
1.000000000000000000e+00,-9.203402683601200618e-01
1.000000000000000000e+00,-9.173042998372807899e-01
1.000000000000000000e+00,-9.792335342093356765e-01
1.000000000000000000e+00,-8.776387316119174109e-01
1.000000000000000000e+00,1.472531232143602931e-01
1.000000000000000000e+00,1.567529345503539673e-01
1.000000000000000000e+00,2.167302217688037991e-01
1.000000000000000000e+00,2.117586782354986541e-01
1.000000000000000000e+00,4.515668326341117922e-01
1.000000000000000000e+00,5.309977081027243972e-01
1.000000000000000000e+00,3.890685649681893676e-01
1.000000000000000000e+00,4.657613218172060865e-01
1.000000000000000000e+00,1.325792615119194995e+00
1.000000000000000000e+00,9.398203704888079546e-01
1.000000000000000000e+00,1.034596278542996961e+00
1.000000000000000000e+00,1.056457419325159686e+00
1.000000000000000000e+00,6.912574265378650384e-01
1.000000000000000000e+00,1.032813892947655576e+00
1.000000000000000000e+00,1.051073971146351926e+00
1.000000000000000000e+00,7.098113970023185448e-01
1.000000000000000000e+00,6.111396690827615163e-01
1.000000000000000000e+00,1.130283848595984519e+00
1.000000000000000000e+00,8.195945063589671342e-01
1.000000000000000000e+00,5.739928171501984533e-01
-1.000000000000000000e+00,1.148221947708270907e+00
-1.000000000000000000e+00,9.404854685645810397e-01
-1.000000000000000000e+00,4.982637503504739884e-01
-1.000000000000000000e+00,6.595412426471074507e-01
-1.000000000000000000e+00,-8.429063536420469682e-02
-1.000000000000000000e+00,8.826850113185641389e-02
-1.000000000000000000e+00,-4.439831375992292495e-02
-1.000000000000000000e+00,-3.589217277111902971e-01
-1.000000000000000000e+00,-6.984141553635395683e-01
-1.000000000000000000e+00,-1.272397613407515671e+00
-1.000000000000000000e+00,-8.659731944286062078e-01
-1.000000000000000000e+00,-8.582990698128190044e-01
-1.000000000000000000e+00,-7.692004821568890760e-01
-1.000000000000000000e+00,-7.795935030798010201e-01
-1.000000000000000000e+00,-9.371998509267027710e-01
1.000000000000000000e+00,-8.164395721349870794e-01
1.000000000000000000e+00,-1.619047107919318274e+00
1.000000000000000000e+00,-8.186249856838350158e-01
1.000000000000000000e+00,-5.779094268155898773e-02
1.000000000000000000e+00,2.118978720021556100e-02
1.000000000000000000e+00,5.549864160376762889e-01
1.000000000000000000e+00,8.510864792612906626e-01
1.000000000000000000e+00,9.746833121679017164e-01
1.000000000000000000e+00,8.864789351802542239e-01
1.000000000000000000e+00,6.743145739761947643e-01
1.000000000000000000e+00,9.175686846832449284e-01
1.000000000000000000e+00,1.080589680224849802e+00
1.000000000000000000e+00,1.034162732014598074e+00
1.000000000000000000e+00,9.487553786393545519e-01
1.000000000000000000e+00,1.196614361181997488e+00
1.000000000000000000e+00,7.389154918347805578e-01
1.000000000000000000e+00,1.115688305847375883e+00
1.000000000000000000e+00,8.357662274470759600e-01
-1.000000000000000000e+00,1.113596338343763925e+00
-1.000000000000000000e+00,5.800518188968368793e-01
-1.000000000000000000e+00,1.081747371901520260e+00
